"更新日時","更新理由","商品基本コード","商品コード","商品名","属性1名","属性2名","属性1コード","属性2コード","倉庫名","実在庫区分","変動前","変動後","増減値","ユーザー"
"2026/08/17 00:10:25","受注取込","7987626","7987626X11Y11","【お得な5個セット】LEDライト キーホルダー 小型LEDライト NEK ★REV 7987626 キーライト 高輝度 5灯 LR44 ボタン電池 LTG 送料無料","ONESIZE","5本セット","X11","Y11",,"0","55","54","-1",
"2026/08/17 00:34:00","受注取込","7987515","7987515X11Y16","【選べる6柄×3サイズ】ネックレス チェーン メンズ レディース NEK ★REV 7987515 サージカルステンレス316L 50cm 60cm 70cm シンプル おしゃれ プレゼント プチギフト バレンタイン クリスマス 送料無料","50cm","F","X11","Y16",,"0","5","4","-1",
"2026/08/17 00:35:16","受注取込","7992723","7992723X14Y11","お得！ 送料無料 4枚入り 福袋 Dickies ディッキーズ ボクサーパンツ メンズ かわいい NEK ★REV <br> パンツ ボクサーパンツ セット メンズ下着 メンズボクサーパンツ メンズボクサー 大きいサイズ 大きめ 特大 3L 下着 インナー メンズ usa まとめ買い プレゼント ギフト","3L","福袋4枚セット","X14","Y11",,"0","169","168","-1",
"2026/08/17 00:36:45","受注取込","7987892","7987892X12Y19","【深めのシルエット】メッシュキャップ キャップ 帽子 メンズ レディース 大きいサイズ 普通サイズ ★REV 7987892","大きいサイズ","I","X12","Y19",,"0","12","11","-1",
"2026/08/17 00:46:00","受注取込","7990235","7990235X15Y11","【送料無料】AVIREX ブーツ メンズ ブランド アヴィレックス アビレックス DESTROYER デストロイヤー サイドゴアブーツ リングブーツ ミリタリーブーツ シューズ 靴 Y_KO AV2710","27.0cm","ブラック","X15","Y11",,"0","5","4","-1",
"2026/08/17 00:50:06","受注取込","7987122","7987122X11Y13","【深い ALLメッシュ】ハンチング キャスケット キャスハンチング キャップ 大きいサイズ NEK ★REV 7987122 深い 深め メンズ レディース ハンチング帽子 ハンチング帽 帽子 メンズ帽子 送料無料","ONESIZE","ブラック","X11","Y13",,"0","24","23","-1",
"2026/08/17 01:08:13","受注取込","7986745","7986745X13Y11","【内に炎を宿す神秘の天然石】フレイムストーン パワーストーン スピリチュアル NEK ★REV 7986745 天然石 ブレスレット アクセサリー レディース メンズ エネルギー 金運 守護 情熱 自信 集中力 プレゼント ギフト 送料無料","10mm","フレイムストーン","X13","Y11",,"0","23","22","-1",
"2026/08/17 01:58:45","受注取込","7987678","7987678X12Y14","【洗濯可能】トレーニンググローブ 手袋 筋トレ 筋トレグローブ メンズ レディース 指無し NEK ★REV 7987678 ウェイトリフティング 防滑 クッション性 伸びる 洗濯OK バーベル サイクリング ヨガ グリップ","M","B-ブラック","X12","Y14",,"0","22","21","-1",
"2026/08/17 04:33:15","受注取込","7987400","7987400X11Y18","【とにかくデカい！/普通サイズあり！】キャップ メンズ 大きいサイズ 帽子 深め ビッグサイズ ★REVM 7987400 BIG SIZE メンズキャップ帽子 大きめ 大きい帽子 メンズ帽子 レディース 春 夏 春夏 プレゼント ギフト 母の日 父の日 送料無料","大きいサイズ","H-オリーブ","X11","Y18",,"0","15","14","-1",
"2026/08/17 05:14:00","受注取込","7987006","7987006X11Y16","【くすみカラー】サファリハット ハット アドベンチャーハット レディース メンズ NEK ★REV 7987006 アウトドア キャンプ 釣り 日焼け止め 速乾 通気性 日よけ 送料無料","ONESIZE","グレー","X11","Y16",,"0","8","7","-1",
"2026/08/17 06:07:15","受注取込","7987085","7987085X11Y29","【とにかくデカい！】大きいサイズ キャップ 大きめ 深い 深め ビッグサイズ BIG SIZE ★REV 7987085 メンズキャップ帽子 大きい帽子 メンズ帽子 レディース 春 夏 春夏 プレゼント ギフト 母の日 父の日 送料無料","YA","19","X11","Y29",,"0","16","15","-1",
"2026/08/17 06:14:45","受注取込","7987891","7987891X11Y14","【ヤシの木】麦わら帽子 メンズ レディース ストローハット 中折れハット ★REV 7987891 帽子 麦わらハット 夏 ペーパー ハット おしゃれ プレゼント プチギフト","ONESIZE","ベージュ","X11","Y14",,"0","8","7","-1",
"2026/08/17 06:14:45","受注取込","7986502","7986502X11Y12","【小顔見え】麦わらハット 帽子 レディース 麦わら帽子 ストローハット ペーパー ★REVO 7986502 春夏 大きめ 遮光 夏 バケットハット 麦わら つば広 UV UPF50+ リボン 紫外線 日よけ 海 ビーチ 水着コーデ 大きい 旅行 あご紐 折りたため リボンハット 送料無料","ONESIZE","ベージュ","X11","Y12",,"0","13","12","-1",
"2026/08/17 06:42:15","受注取込","7994812","7994812X12Y11","サファリハット メンズ 釣り 帽子 ハット レディース SUNS(サンズ)  撥水 アウトドア 登山 キャンプ バーベキュー NEK ★REV H-051 H-053 送料無料 大きいサイズあり キッズサイズ 子供 UVカット アドベンチャーハット 父の日 プレゼント ユニセックス 春 夏 夏フェス ギフト","大きいサイズ","BK/BLACK(H_051)","X12","Y11",,"0","271","270","-1",
"2026/08/17 07:11:29","受注取込","8003102","8003102X16Y12","やみつきになる！ ストレッチ AVIREX アビレックス Tシャツ メンズ ★REV NEK 6143501 6143502 Vネック クルーネック 半袖 プレゼント ギフト","クルーネック_ホワイト_001","Mサイズ","X16","Y12",,"0","2","1","-1",
"2026/08/17 07:12:01","受注取込","7987400","7987400X11Y11","【とにかくデカい！/普通サイズあり！】キャップ メンズ 大きいサイズ 帽子 深め ビッグサイズ ★REVM 7987400 BIG SIZE メンズキャップ帽子 大きめ 大きい帽子 メンズ帽子 レディース 春 夏 春夏 プレゼント ギフト 母の日 父の日 送料無料","大きいサイズ","A-ブラック","X11","Y11",,"0","56","55","-1",
"2026/08/17 07:26:48","受注取込","7986757","7986757X11Y12","【置くだけで充電】 ワイヤレス充電器 車載 ホルダー 置き型 Type-C充電 USB-A NEK ★REVL 7986757 最大20W 車載ワイヤレス充電パッド 充電 充電器 車載 スマホ ホルダー スタンド 車 携帯ホルダー 急速充電 サイズ調整可能 滑り止め iphone/Android 1M PD充電 スマホアクセサリー Qi規格 送料無料","ONESIZE","TYPE-C(1m)","X11","Y12",,"0","165","164","-1",
"2026/08/17 07:49:15","受注取込","7992723","7992723X14Y11","お得！ 送料無料 4枚入り 福袋 Dickies ディッキーズ ボクサーパンツ メンズ かわいい NEK ★REV <br> パンツ ボクサーパンツ セット メンズ下着 メンズボクサーパンツ メンズボクサー 大きいサイズ 大きめ 特大 3L 下着 インナー メンズ usa まとめ買い プレゼント ギフト","3L","福袋4枚セット","X14","Y11",,"0","168","167","-1",
"2026/08/17 08:22:46","受注取込","7986937","7986937X11Y11","【イタリアンレザー】ベルト メンズ レディース 本革 レザー 日本製 イタリアンレザー 7986937 ILBT-1007 ソフト調 pelle conciata al vegetale","ONESIZE","ブラック","X11","Y11",,"0","13","12","-1",
"2026/08/17 08:34:02","受注取込","7987143","7987143X12Y12","【安全な犬の散歩】犬 リード 5m LED照明 伸縮リード ライト付 リード カジュアル ★REVL 7987143 大小中型犬 訓練 トレーニング 犬のリード ペット 散歩 犬用 カジュアル 迷子防止 かわいい 犬 大型犬 ストラップ ロングリード ドッグリード 自動巻き 散歩用ライト付 衝撃吸収 360°フリー伸縮 ワンタッチ格納 送料無料","【大型犬】","ホワイト","X12","Y12",,"0","5","4","-1",
"2026/08/17 08:53:45","受注取込","7988039","7988039X14Y21","【最安値に挑戦】犬 服 暖かい 犬の服 ドッグウエア ボア ダウン ジャケット コート ドッグウエア NEK ★REVG 7988039 小型犬 中型犬 秋 秋服 冬 冬用 冬服 秋冬 おしゃれ かわいい 可愛い 着せやすい 女の子 男の子 オス メス 背開き アウター ベスト ハーネス 送料無料","XL","ピンク","X14","Y21",,"0","20","19","-1",
"2026/08/17 09:02:17","受注取込","7994812","7994812X12Y26","サファリハット メンズ 釣り 帽子 ハット レディース SUNS(サンズ)  撥水 アウトドア 登山 キャンプ バーベキュー NEK ★REV H-051 H-053 送料無料 大きいサイズあり キッズサイズ 子供 UVカット アドベンチャーハット 父の日 プレゼント ユニセックス 春 夏 夏フェス ギフト","大きいサイズ","BLACK/BEIGE(H_051)","X12","Y26",,"0","30","29","-1",
"2026/08/17 09:19:47","受注取込","7988215","7988215X14Y11","【とにかくデカい！】 大きいサイズ キャップ メッシュキャップ 送料無料 大きめ ビッグサイズ BIG SIZE ★REV 7988215 <br> 帽子 ハット キャップ ワークキャップ メンズキャップ 大きいサイズ バケット 大きい帽子 メンズ バケハ メンズ帽子 大きい 頭 メッシュ 全39カラー","DD","1","X14","Y11",,"0","52","51","-1",
"2026/08/17 09:34:18","受注取込","7994812","7994812X11Y33","サファリハット メンズ 釣り 帽子 ハット レディース SUNS(サンズ)  撥水 アウトドア 登山 キャンプ バーベキュー NEK ★REV H-051 H-053 送料無料 大きいサイズあり キッズサイズ 子供 UVカット アドベンチャーハット 父の日 プレゼント ユニセックス 春 夏 夏フェス ギフト","普通サイズ","GREIGE(H-051)","X11","Y33",,"0","18","17","-1",
"2026/08/17 09:35:38","受注取込","7987076","7987076X11Y14","【超軽量55g】特価 キャップ 帽子 メッシュキャップ ランニングキャップ NEK ★REV 7987076 メンズ レディース 速乾 軽量 ジョギング アウトドア キャンプ スポーツ 釣り 海 プール","アジャスタータイプ","ライトグレー","X11","Y14",,"0","7","6","-1",
"2026/08/17 09:36:17","受注取込","7997141","7997141X15Y13","特大 スイカ ドーナツ 浮き輪 浮輪 送料無料 プール 大人用 子供用 NEK 7997141 ★REV 120cm 90cm 80cm 70cm 60cm サイズ 大きい 大きめ うきわ ウキワ すいか 海 海水浴 ビックフロート 水上 レジャー かわいい フローティングベッド 西瓜 子供用浮き輪 大人 子供 こども","60cm","ドーナツチョコ","X15","Y13",,"0","46","45","-1",
"2026/08/17 09:36:17","受注取込","7997141","7997141X13Y12","特大 スイカ ドーナツ 浮き輪 浮輪 送料無料 プール 大人用 子供用 NEK 7997141 ★REV 120cm 90cm 80cm 70cm 60cm サイズ 大きい 大きめ うきわ ウキワ すいか 海 海水浴 ビックフロート 水上 レジャー かわいい フローティングベッド 西瓜 子供用浮き輪 大人 子供 こども","80cm","ドーナツイチゴ","X13","Y12",,"0","62","61","-1",
"2026/08/17 09:36:17","受注取込","7994733","7994733X12Y11","ユニコーン 浮き輪 7994733 インスタ映え ビックフロート 海水浴 海 プール 水上 レジャー フローティングベッド 180621 プレゼント ギフト","子供用","ホワイト系","X12","Y11",,"0","23","22","-1",
"2026/08/17 09:40:34","受注取込","7987515","7987515X12Y16","【選べる6柄×3サイズ】ネックレス チェーン メンズ レディース NEK ★REV 7987515 サージカルステンレス316L 50cm 60cm 70cm シンプル おしゃれ プレゼント プチギフト バレンタイン クリスマス 送料無料","60cm","F","X12","Y16",,"0","21","20","-1",
"2026/08/17 09:47:16","受注取込","7988044","7988044X11Y18","ショルダーバッグ メンズ ワンショルダー 斜め掛け ★REV 7988044 おしゃれバッグ Vintage 斜めがけ メンズボディバック かっこいい ボディバッグ レザー ワンショルダーバッグ カバン 鞄 かばん レザー調 メンズバッグ 斜めがけ メンズショルダーバック 散歩 送料無料","ONESIZE","H_ダークブラウン","X11","Y18",,"0","25","24","-1",
"2026/08/17 09:54:01","受注取込","7986683","7986683X11Y11","【5点セット/付けるだけの虫除け革命】オニヤンマ 虫除け 虫よけ用品 ストラップ NEK ★REVL 7986683 クリップ 安全ピン ブローチ フィギュア ゴルフ キャンプ 草刈り 山登り 防虫対策 送料無料","オニヤンマ","1個","X11","Y11",,"0","93","92","-1",
"2026/08/17 10:01:16","受注取込","7987400","7987400X11Y11","【とにかくデカい！/普通サイズあり！】キャップ メンズ 大きいサイズ 帽子 深め ビッグサイズ ★REVM 7987400 BIG SIZE メンズキャップ帽子 大きめ 大きい帽子 メンズ帽子 レディース 春 夏 春夏 プレゼント ギフト 母の日 父の日 送料無料","大きいサイズ","A-ブラック","X11","Y11",,"0","55","53","-2",
"2026/08/17 10:02:17","WEB画面","7986521","7986521X11Y11","【背中ひんやりメッシュ！】フロート 浮き輪 ベッドタイプ 150cm 大人用 ビーチマット NEK ★REVL 7986521 リゾート プール 海 SNS映え PVC素材 送料無料","ONESIZE","ヒョウ柄","X11","Y11",,"0","19","10","-9","門田"
"2026/08/17 10:02:17","WEB画面","7986521","7986521X11Y13","【背中ひんやりメッシュ！】フロート 浮き輪 ベッドタイプ 150cm 大人用 ビーチマット NEK ★REVL 7986521 リゾート プール 海 SNS映え PVC素材 送料無料","ONESIZE","パープル","X11","Y13",,"0","6","3","-3","門田"
"2026/08/17 10:04:31","受注取込","7997141","7997141X12Y12","特大 スイカ ドーナツ 浮き輪 浮輪 送料無料 プール 大人用 子供用 NEK 7997141 ★REV 120cm 90cm 80cm 70cm 60cm サイズ 大きい 大きめ うきわ ウキワ すいか 海 海水浴 ビックフロート 水上 レジャー かわいい フローティングベッド 西瓜 子供用浮き輪 大人 子供 こども","90cm","ドーナツイチゴ","X12","Y12",,"0","10","9","-1",
"2026/08/17 10:07:17","WEB画面","7992723","7992723X14Y11","お得！ 送料無料 4枚入り 福袋 Dickies ディッキーズ ボクサーパンツ メンズ かわいい NEK ★REV <br> パンツ ボクサーパンツ セット メンズ下着 メンズボクサーパンツ メンズボクサー 大きいサイズ 大きめ 特大 3L 下着 インナー メンズ usa まとめ買い プレゼント ギフト","3L","福袋4枚セット","X14","Y11",,"0","167","168","1","大場"
"2026/08/17 10:09:33","WEB画面","7987988","7987988X11Y15","【AVIREX 限定】サファリハット メンズ 大きいサイズ BIGサイズ アドベンチャーハット 17158300 17158400 釣り 帽子 ハット ★REV NEK 7987988 大きめ 普通サイズ AVIREX 限定 かっこいい アウトドア ブラックシリーズ アビレックス 帽子 キャップ ブランド 撥水加工","普通サイズ_17158300","グレージュ(73)","X11","Y15",,"0","140","125","-15","門田"
"2026/08/17 10:09:33","WEB画面","7987988","7987988X12Y15","【AVIREX 限定】サファリハット メンズ 大きいサイズ BIGサイズ アドベンチャーハット 17158300 17158400 釣り 帽子 ハット ★REV NEK 7987988 大きめ 普通サイズ AVIREX 限定 かっこいい アウトドア ブラックシリーズ アビレックス 帽子 キャップ ブランド 撥水加工","大きいサイズ_17158400","グレージュ(73)","X12","Y15",,"0","16","10","-6","門田"
"2026/08/17 10:11:42","WEB画面","7986757","7986757X11Y11","【置くだけで充電】 ワイヤレス充電器 車載 ホルダー 置き型 Type-C充電 USB-A NEK ★REVL 7986757 最大20W 車載ワイヤレス充電パッド 充電 充電器 車載 スマホ ホルダー スタンド 車 携帯ホルダー 急速充電 サイズ調整可能 滑り止め iphone/Android 1M PD充電 スマホアクセサリー Qi規格 送料無料","ONESIZE","USB-A(1m)","X11","Y11",,"0","76","51","-25","門田"
"2026/08/17 10:11:42","WEB画面","7986757","7986757X11Y12","【置くだけで充電】 ワイヤレス充電器 車載 ホルダー 置き型 Type-C充電 USB-A NEK ★REVL 7986757 最大20W 車載ワイヤレス充電パッド 充電 充電器 車載 スマホ ホルダー スタンド 車 携帯ホルダー 急速充電 サイズ調整可能 滑り止め iphone/Android 1M PD充電 スマホアクセサリー Qi規格 送料無料","ONESIZE","TYPE-C(1m)","X11","Y12",,"0","164","134","-30","門田"
"2026/08/17 10:15:39","WEB画面","7987757","7987757X11Y12","【カーボンスタイル 大きいサイズ】メッシュキャップ キャップ 帽子 蒸れない ★REV 7987757 大きいサイズ カーボン調 プレゼント ギフト 送料無料","ONESIZE","カーキ","X11","Y12",,"0","28","13","-15","門田"
"2026/08/17 10:15:39","WEB画面","7987757","7987757X11Y13","【カーボンスタイル 大きいサイズ】メッシュキャップ キャップ 帽子 蒸れない ★REV 7987757 大きいサイズ カーボン調 プレゼント ギフト 送料無料","ONESIZE","ネイビー","X11","Y13",,"0","32","17","-15","門田"
"2026/08/17 10:15:39","WEB画面","7987757","7987757X11Y14","【カーボンスタイル 大きいサイズ】メッシュキャップ キャップ 帽子 蒸れない ★REV 7987757 大きいサイズ カーボン調 プレゼント ギフト 送料無料","ONESIZE","チャコール","X11","Y14",,"0","47","37","-10","門田"
"2026/08/17 10:16:31","受注取込","7988466","7988466X11Y12","【速攻配達 送料無料】ゲーミングイヤホン ヘッドセット LTG 落ちない ズレない こもらない 暑くない switch ヘッドホン マイク 付き NEK 7988466 ps4 ps5 ヘッドフォン 有線 USB ニンテンドースイッチ テレワーク zoom ズーム リモート WEB会議 ミーティング","ONESIZE","ブラック/ブラック","X11","Y12",,"0","28","27","-1",
"2026/08/17 10:17:06","WEB画面","7987093","7987093X12Y13","【新型iphone/IQOS対応】急速5A 3股 Type-C 充電ケーブル スマホケーブル 1.2m 2m 3m typec NEK ★REVL 7987093 新型iphone IQOS対応 USB A→Type-C×3 充電ケーブル 3in1 急速 送料無料","2.0m","ブラック_TypeC/TypeC×3","X12","Y13",,"0","99","89","-10","門田"
"2026/08/17 10:21:41","WEB画面","FBA-7988215","FBA-7988215X19Y14","【FBA専用】 とにかくデカい！ 大きいサイズ キャップ 7988215","II","4","X19","Y14",,"0","50","25","-25","門田"
"2026/08/17 10:25:51","WEB画面","FBA-7988215","FBA-7988215X20Y15","【FBA専用】 とにかくデカい！ 大きいサイズ キャップ 7988215","JJ","5","X20","Y15",,"0","10","0","-10","門田"
"2026/08/17 10:29:09","WEB画面","7987616","7987616X11Y12","【バッグを汚さない！お得な2個入】バッグフック バッグハンガー デスク 便利 NEK ★REV 7987616 おしゃれ グッズ アイデア フック 机 テーブル グック ハンガー 防犯 メンズ レディース 荷物かけ カバン掛け プチギフト プレゼント LTG 送料無料","ONESIZE","ブラック/グレー","X11","Y12",,"0","77","62","-15","門田"
"2026/08/17 10:33:03","WEB画面","7986798","7986798X11Y14","【抜け感キャスケット】キャスケット  キャスハンチング キャップ メンズ レディース NEK ★REV 7986798 ハンチング帽子 タクシーハット ニュースボーイキャップ ニュースボーイハット おしゃれ 送料無料","ONESIZE","ベージュ","X11","Y14",,"0","6","3","-3","大木 望"
"2026/08/17 10:36:39","WEB画面","7988044","7988044X11Y13","ショルダーバッグ メンズ ワンショルダー 斜め掛け ★REV 7988044 おしゃれバッグ Vintage 斜めがけ メンズボディバック かっこいい ボディバッグ レザー ワンショルダーバッグ カバン 鞄 かばん レザー調 メンズバッグ 斜めがけ メンズショルダーバック 散歩 送料無料","ONESIZE","C_ブラウン","X11","Y13",,"0","30","29","-1","大木 望"
"2026/08/17 10:36:39","WEB画面","7988044","7988044X11Y16","ショルダーバッグ メンズ ワンショルダー 斜め掛け ★REV 7988044 おしゃれバッグ Vintage 斜めがけ メンズボディバック かっこいい ボディバッグ レザー ワンショルダーバッグ カバン 鞄 かばん レザー調 メンズバッグ 斜めがけ メンズショルダーバック 散歩 送料無料","ONESIZE","F_ダークブラウン","X11","Y16",,"0","16","15","-1","大木 望"
"2026/08/17 10:36:39","WEB画面","7988044","7988044X11Y19","ショルダーバッグ メンズ ワンショルダー 斜め掛け ★REV 7988044 おしゃれバッグ Vintage 斜めがけ メンズボディバック かっこいい ボディバッグ レザー ワンショルダーバッグ カバン 鞄 かばん レザー調 メンズバッグ 斜めがけ メンズショルダーバック 散歩 送料無料","ONESIZE","I_ブラウン","X11","Y19",,"0","10","9","-1","大木 望"
"2026/08/17 10:36:39","WEB画面","7988044","7988044X11Y24","ショルダーバッグ メンズ ワンショルダー 斜め掛け ★REV 7988044 おしゃれバッグ Vintage 斜めがけ メンズボディバック かっこいい ボディバッグ レザー ワンショルダーバッグ カバン 鞄 かばん レザー調 メンズバッグ 斜めがけ メンズショルダーバック 散歩 送料無料","ONESIZE","N_ダークブラウン","X11","Y24",,"0","14","13","-1","大木 望"
"2026/08/17 10:42:21","WEB画面","7988124","7988124X11Y13","大きいサイズ キャップ 帽子 メンズ フルキャップ ベースボールキャップ コットンキャップ 野球帽 ワンポイント ★REV 7988124 イーグル 鷲 刺繍 ミリタリー BIGSIZE キングサイズ 送料無料","ONESIZE","グレー","X11","Y13",,"0","42","39","-3","大木 望"
"2026/08/17 10:42:21","WEB画面","7988124","7988124X11Y16","大きいサイズ キャップ 帽子 メンズ フルキャップ ベースボールキャップ コットンキャップ 野球帽 ワンポイント ★REV 7988124 イーグル 鷲 刺繍 ミリタリー BIGSIZE キングサイズ 送料無料","ONESIZE","メッシュグレー","X11","Y16",,"0","24","14","-10","大木 望"
"2026/08/17 10:42:21","WEB画面","7988124","7988124X11Y17","大きいサイズ キャップ 帽子 メンズ フルキャップ ベースボールキャップ コットンキャップ 野球帽 ワンポイント ★REV 7988124 イーグル 鷲 刺繍 ミリタリー BIGSIZE キングサイズ 送料無料","ONESIZE","メッシュホワイト","X11","Y17",,"0","24","14","-10","大木 望"
"2026/08/17 10:44:53","WEB画面","7987401","7987401X11Y11","大きいサイズ キャップ メッシュキャップ 帽子 ★REV 7987401 メンズ 野球帽 迷彩 カモフラ シャドーカモ 刺繍 送料無料","ONESIZE","ブラックシャドーカモ","X11","Y11",,"0","28","18","-10","大木 望"
"2026/08/17 10:44:53","WEB画面","7987401","7987401X11Y12","大きいサイズ キャップ メッシュキャップ 帽子 ★REV 7987401 メンズ 野球帽 迷彩 カモフラ シャドーカモ 刺繍 送料無料","ONESIZE","グレーシャードカモ","X11","Y12",,"0","23","13","-10","大木 望"
"2026/08/17 10:44:53","WEB画面","7987401","7987401X11Y13","大きいサイズ キャップ メッシュキャップ 帽子 ★REV 7987401 メンズ 野球帽 迷彩 カモフラ シャドーカモ 刺繍 送料無料","ONESIZE","ホワイトシャードカモ","X11","Y13",,"0","2","1","-1","大木 望"
"2026/08/17 10:44:53","WEB画面","7987401","7987401X11Y14","大きいサイズ キャップ メッシュキャップ 帽子 ★REV 7987401 メンズ 野球帽 迷彩 カモフラ シャドーカモ 刺繍 送料無料","ONESIZE","ネイビーシャードカモ","X11","Y14",,"0","23","18","-5","大木 望"
"2026/08/17 10:50:04","WEB画面","7987091","7987091X11Y11","【使い方色々!】キーケース 小銭入れ ポーチ ベルトポーチ 短財布 財布 NEK ★REV 7987091 イヤホンケース メンズ レディース ミリタリー サバゲー キャンプ アウトドア メディカルポーチ 防災グッズ 送料無料","ONESIZE","ブラック","X11","Y11",,"0","50","45","-5","大木 望"
"2026/08/17 10:50:04","WEB画面","7987091","7987091X11Y12","【使い方色々!】キーケース 小銭入れ ポーチ ベルトポーチ 短財布 財布 NEK ★REV 7987091 イヤホンケース メンズ レディース ミリタリー サバゲー キャンプ アウトドア メディカルポーチ 防災グッズ 送料無料","ONESIZE","カーキ","X11","Y12",,"0","32","27","-5","大木 望"
"2026/08/17 10:50:04","WEB画面","7987091","7987091X11Y13","【使い方色々!】キーケース 小銭入れ ポーチ ベルトポーチ 短財布 財布 NEK ★REV 7987091 イヤホンケース メンズ レディース ミリタリー サバゲー キャンプ アウトドア メディカルポーチ 防災グッズ 送料無料","ONESIZE","オリーブ","X11","Y13",,"0","31","26","-5","大木 望"
"2026/08/17 10:52:00","WEB画面","7986710","7986710X11Y13","【春夏秋冬対応/くすみカラー】トートバッグ クロシェバッグ エコバッグ レディース NEK ★REVO 7986710 メッシュ クロシェ編み ナチュラル ニット A4 軽量 かぎ編み おしゃれ 大容量 リゾート 通勤 通学 学生 送料無料","ONESIZE","ダークブラウン","X11","Y13",,"0","29","19","-10","大木 望"
"2026/08/17 10:55:25","WEB画面","7987408","7987408X11Y11","【2WAY 本革】レディースベルト リバーシブル ビジネス NEK ★REV 7987408 ロゴ フォーマル シンプル カジュアル スーツ レザー 本革 送料無料","ONESIZE","A-ブラック","X11","Y11",,"0","36","26","-10","大木 望"
"2026/08/17 10:55:25","WEB画面","7987408","7987408X11Y12","【2WAY 本革】レディースベルト リバーシブル ビジネス NEK ★REV 7987408 ロゴ フォーマル シンプル カジュアル スーツ レザー 本革 送料無料","ONESIZE","A-ベージュ","X11","Y12",,"0","40","35","-5","大木 望"
"2026/08/17 10:55:25","WEB画面","7987408","7987408X11Y18","【2WAY 本革】レディースベルト リバーシブル ビジネス NEK ★REV 7987408 ロゴ フォーマル シンプル カジュアル スーツ レザー 本革 送料無料","ONESIZE","C-ブラック","X11","Y18",,"0","18","16","-2","大木 望"
"2026/08/17 10:55:25","WEB画面","7987408","7987408X11Y21","【2WAY 本革】レディースベルト リバーシブル ビジネス NEK ★REV 7987408 ロゴ フォーマル シンプル カジュアル スーツ レザー 本革 送料無料","ONESIZE","D-ブラウン","X11","Y21",,"0","10","8","-2","大木 望"
"2026/08/17 11:01:47","WEB画面","7986622","7986622X11Y11","【ゆるダボニット帽/15種】ニットキャップ ニット帽 帽子 ワッチキャップ ビーニー NEK ★REVL 7986622 レディース メンズ Vintage おしゃれ 韓国女子 小顔効果 送料無料","ONESIZE","A","X11","Y11",,"0","11","9","-2","大木 望"
"2026/08/17 11:01:47","WEB画面","7986622","7986622X11Y19","【ゆるダボニット帽/15種】ニットキャップ ニット帽 帽子 ワッチキャップ ビーニー NEK ★REVL 7986622 レディース メンズ Vintage おしゃれ 韓国女子 小顔効果 送料無料","ONESIZE","I","X11","Y19",,"0","2","0","-2","大木 望"
"2026/08/17 11:04:15","受注取込","7988044","7988044X11Y24","ショルダーバッグ メンズ ワンショルダー 斜め掛け ★REV 7988044 おしゃれバッグ Vintage 斜めがけ メンズボディバック かっこいい ボディバッグ レザー ワンショルダーバッグ カバン 鞄 かばん レザー調 メンズバッグ 斜めがけ メンズショルダーバック 散歩 送料無料","ONESIZE","N_ダークブラウン","X11","Y24",,"0","13","12","-1",
"2026/08/17 11:04:35","WEB画面","7986821","7986821X11Y12","巾着バッグ ドローストリングバッグ ショルダーバッグ ★REV 7986821 バケットバッグ 2way 肩掛け 手提げ ショルダー 軽量 ナイロン レディース メンズ 送料無料","ONESIZE","オリーブ","X11","Y12",,"0","47","42","-5","大木 望"
"2026/08/17 11:05:28","在庫CSV取込","7986623","7986623X11Y11","【真鍮で愉しむ経年変化】真鍮 ウォレットチェーン フック付き 回転フック 財布チェーン NEK ★REVL 7986623 ナスフック キーリング キーケース キーホルダー メンズ レディース リング アクセサリー おしゃれ プレゼント ギフト 送料無料","ONESIZE","A","X11","Y11",,"0","46","26","-20","阿二"
"2026/08/17 11:05:28","在庫CSV取込","7986798","7986798X11Y11","【抜け感キャスケット】キャスケット  キャスハンチング キャップ メンズ レディース NEK ★REV 7986798 ハンチング帽子 タクシーハット ニュースボーイキャップ ニュースボーイハット おしゃれ 送料無料","ONESIZE","オリーブ","X11","Y11",,"0","40","30","-10","阿二"
"2026/08/17 11:05:28","在庫CSV取込","7986798","7986798X11Y12","【抜け感キャスケット】キャスケット  キャスハンチング キャップ メンズ レディース NEK ★REV 7986798 ハンチング帽子 タクシーハット ニュースボーイキャップ ニュースボーイハット おしゃれ 送料無料","ONESIZE","ブラック","X11","Y12",,"0","84","69","-15","阿二"
"2026/08/17 11:05:28","在庫CSV取込","7986798","7986798X11Y15","【抜け感キャスケット】キャスケット  キャスハンチング キャップ メンズ レディース NEK ★REV 7986798 ハンチング帽子 タクシーハット ニュースボーイキャップ ニュースボーイハット おしゃれ 送料無料","ONESIZE","グレー","X11","Y15",,"0","50","35","-15","阿二"
"2026/08/17 11:05:28","在庫CSV取込","FBA-7987400","FBA-7987400X11Y21","【FBA専用】帽子 7987400","ONESIZE","K-ブラック","X11","Y21",,"0","85","65","-20","阿二"
"2026/08/17 11:05:28","在庫CSV取込","7987794","7987794X12Y12","【大きいサイズもあり】キャスハンチング キャップ メンズ レディース CULTURE MART NEK 101294 ★REV 7987794 ハンチング帽子 ハンチング帽 秋冬 帽子 ハンチング キャスケット メンズ帽子 レディース帽子秋冬 秋冬帽子 メンズハンチング おしゃれ カルチャーマート","大きいサイズ","オリーブ(2)","X12","Y12",,"0","27","22","-5","阿二"
"2026/08/17 11:05:28","在庫CSV取込","7994812","7994812X12Y16","サファリハット メンズ 釣り 帽子 ハット レディース SUNS(サンズ)  撥水 アウトドア 登山 キャンプ バーベキュー NEK ★REV H-051 H-053 送料無料 大きいサイズあり キッズサイズ 子供 UVカット アドベンチャーハット 父の日 プレゼント ユニセックス 春 夏 夏フェス ギフト","大きいサイズ","GRAY(H_051)","X12","Y16",,"0","62","52","-10","阿二"
"2026/08/17 11:05:28","在庫CSV取込","7992540","7992540X11Y13","AVIREX ワークキャップ メンズ 大きいサイズ 大きめ キャップ ブランド 帽子 アメカジ アビレックス 春 夏 秋 冬 綿100％ ★REV 18490000 14787700 80264100 7992540 ネイビー/ベージュ/ブラック/カーキ プレゼント ギフト","ONESIZE","【C】ブラック","X11","Y13",,"0","264","249","-15","阿二"
"2026/08/17 11:05:28","在庫CSV取込","7986569","7986569X11Y14","【お得な4枚シート/ピンセット付き】シール おしり 立体シール ぷくぷくシール 男の子 女の子 シール帳 3D Puffy Playland Stickers 大人 おもしろ NEK ★REVO 7986569 ミリタリー リアル デコシール 魚 昆虫 水族館 コスメ 可愛いステッカー 福袋 デコ 手帳 知育 送料無料","4枚セット","4.お国シール4種類","X11","Y14",,"0","216","206","-10","阿二"
"2026/08/17 11:05:28","在庫CSV取込","7995525","7995525X1Y2","AVIREX 限定モデル キャップ 帽子 父の日 贈り物 プレゼント メンズ ★REV ブラックシリーズ 黒 アビレックス アヴィレックス メッシュキャップ ハンチング ローキャップ バケット ハット ワークキャップ レディース かっこいい yos プレゼント ギフト","ONESIZE","【B】ハンチング_14911300","X1","Y2",,"0","91","86","-5","阿二"
"2026/08/17 11:05:28","在庫CSV取込","7995525","7995525X1Y8","AVIREX 限定モデル キャップ 帽子 父の日 贈り物 プレゼント メンズ ★REV ブラックシリーズ 黒 アビレックス アヴィレックス メッシュキャップ ハンチング ローキャップ バケット ハット ワークキャップ レディース かっこいい yos プレゼント ギフト","ONESIZE","【H】メッシュ_14587700_80","X1","Y8",,"0","229","199","-30","阿二"
"2026/08/17 11:05:28","在庫CSV取込","7986529","7986529X11Y11","【お得な3本セット】プロテインシェイカー 500ml ステンレスボール付き ★REVL 7986529 ダマにならない 密閉防漏 持ち運び便利 食洗機対応 フィットネス・筋トレ用 食品等試験検査済 送料無料","3本セット","ブラック","X11","Y11",,"0","17","12","-5","阿二"
"2026/08/17 11:05:28","在庫CSV取込","7988386","7988386X11Y11","【高輝度・省電力】LED 卓上 ライト 間接照明 おしゃれ テーブルランプ 北欧 ベッドライト ★REV 7988386 照明 ランプ 一人暮らし ナイトランプ ムードランプ インテリア 雑貨 スタンドライト フロアライト ベッドサイド ルームライト 寝室 usb 電気スタンド フロアランプ","ONESIZE","アイボリー","X11","Y11",,"0","235","233","-2","阿二"
"2026/08/17 11:05:28","在庫CSV取込","7988386","7988386X11Y12","【高輝度・省電力】LED 卓上 ライト 間接照明 おしゃれ テーブルランプ 北欧 ベッドライト ★REV 7988386 照明 ランプ 一人暮らし ナイトランプ ムードランプ インテリア 雑貨 スタンドライト フロアライト ベッドサイド ルームライト 寝室 usb 電気スタンド フロアランプ","ONESIZE","ブルー","X11","Y12",,"0","64","59","-5","阿二"
"2026/08/17 11:05:28","在庫CSV取込","7988386","7988386X11Y14","【高輝度・省電力】LED 卓上 ライト 間接照明 おしゃれ テーブルランプ 北欧 ベッドライト ★REV 7988386 照明 ランプ 一人暮らし ナイトランプ ムードランプ インテリア 雑貨 スタンドライト フロアライト ベッドサイド ルームライト 寝室 usb 電気スタンド フロアランプ","ONESIZE","キャメル","X11","Y14",,"0","141","140","-1","阿二"
"2026/08/17 11:05:28","在庫CSV取込","7988386","7988386X11Y15","【高輝度・省電力】LED 卓上 ライト 間接照明 おしゃれ テーブルランプ 北欧 ベッドライト ★REV 7988386 照明 ランプ 一人暮らし ナイトランプ ムードランプ インテリア 雑貨 スタンドライト フロアライト ベッドサイド ルームライト 寝室 usb 電気スタンド フロアランプ","ONESIZE","ピンク","X11","Y15",,"0","51","49","-2","阿二"
"2026/08/17 11:05:28","在庫CSV取込","7987073","7987073X11Y13","【くすみカラー 超軽量】バケットハット サファリハット メンズ レディース 普通サイズ 大きいサイズ NEK ★REV 7987073 アドベンチャーハット 撥水 速乾 軽量 折り畳める UV カット アウトドア キャンプ 登山 ウォーキング 散歩 日焼け防止 紫外線防止 送料無料","普通サイズ","ブラック","X11","Y13",,"0","60","40","-20","阿二"
"2026/08/17 11:05:28","在庫CSV取込","7986516","7986516X11Y11","【当店限定モデル/深め】 AVIREX キャップ メンズ レディース 深め 刺繍 シンプル 81747500 ★REVL 7986516 ブランド コットン100％ サイズ調整可能 ブラック グレージュ 送料無料","ONESIZE","ブラック","X11","Y11",,"0","34","24","-10","阿二"
"2026/08/17 11:05:28","在庫CSV取込","7986509","7986509X11Y12","【使い勝手しやすいベルト】ベルト メンズ レディース 120cm ガチャベルト NEK ★REVL 7986509 フリーサイズ プレゼント 大きいサイズ サバゲー キャンプ アウトドア 登山 作業服 ギフト 送料無料","ONESIZE","グレー","X11","Y12",,"0","30","25","-5","阿二"
"2026/08/17 11:05:28","在庫CSV取込","7986509","7986509X11Y16","【使い勝手しやすいベルト】ベルト メンズ レディース 120cm ガチャベルト NEK ★REVL 7986509 フリーサイズ プレゼント 大きいサイズ サバゲー キャンプ アウトドア 登山 作業服 ギフト 送料無料","ONESIZE","ネイビー","X11","Y16",,"0","12","7","-5","阿二"
"2026/08/17 11:05:28","在庫CSV取込","7986541","7986541X11Y11","【お得な2個セット】ブレスレット バングル セット レディース メンズ ユニセックス NEK ★REVO 7986541 ステンレス ゴールド シルバー 結び目 ノット モチーフ ペアアクセサリー シンプル 金属アレルギー対応 アジャスター付き 送料無料","ONESIZE","2個セット","X11","Y11",,"0","33","23","-10","阿二"
"2026/08/17 11:05:28","在庫CSV取込","7986483","7986483X11Y11","【最強！日焼け対策】日除けハット  uvカット 帽子 小顔 畑仕事 公園 フェス 小顔効果 NEK ★REVO 7986483 折りたたみ 日傘ハット 海水浴 日よけ 運動会 おしゃれ レディース ネックガード レジャー キャンプ  野球観戦 涼しい 完全遮光 送料無料","ONESIZE","ブラック","X11","Y11",,"0","64","54","-10","阿二"
"2026/08/17 11:05:28","在庫CSV取込","7986478","7986478X11Y11","天然石 3連ブレスレット メンズ マットブラックオニキス マップストーン ヘマタイト NEK ★REVL 7986478ステンレス 重ね付け ゴムブレスレット レディース ペア カジュアル アクセサリー 送料無料","ONESIZE","3点セット","X11","Y11",,"0","27","17","-10","阿二"
"2026/08/17 11:05:28","在庫CSV取込","7992099","7992099X11Y14","アンクレット メンズ レディース 手作り 送料無料 つけっぱなし お守り アンク アクセサリー シルバー ターコイズ NEK ALI ★REV 7992099 190813 プレゼント ギフト","ONESIZE","樹木","X11","Y14",,"0","4","1","-3","阿二"
"2026/08/17 11:16:57","WEB画面","7987026","7987026X12Y14","【大きいサイズあり】キャップ 11cm つば長 帽子 メンズ レディース ★REV 7987026 深め 深い ゴルフ 無地 日焼け止め UVカット 送料無料","大きいサイズ","ネイビー","X12","Y14",,"0","20","18","-2","大木 望"
"2026/08/17 11:18:15","受注取込","7987475","7987475X11Y17","【防犯】護身用 タクティカルスティック 防災グッズ 熊対策グッズ クマ対策 タクティカルペン キーホルダー 女性 キーリング NEK ★REVM 7987475 棒 車 ガラス 防災 災害 車内 軽量 不審者 痴漢 痴漢対策 武器 護身グッズ 自己防衛 コンパクト 非常時 バッググリップ","ONESIZE","ネイビー","X11","Y17",,"0","49","48","-1",
"2026/08/17 11:18:15","受注取込","7987475","7987475X11Y15","【防犯】護身用 タクティカルスティック 防災グッズ 熊対策グッズ クマ対策 タクティカルペン キーホルダー 女性 キーリング NEK ★REVM 7987475 棒 車 ガラス 防災 災害 車内 軽量 不審者 痴漢 痴漢対策 武器 護身グッズ 自己防衛 コンパクト 非常時 バッググリップ","ONESIZE","ピンク","X11","Y15",,"0","47","46","-1",
"2026/08/17 11:20:04","WEB画面","7996231","7996231X1Y1","本革 レザー 中折れハット ハット 帽子 メンズ 大きいサイズあり 7996231 ブラック/黒 新品 プレゼント ギフト","普通サイズ","ブラック","X1","Y1",,"0","15","14","-1","大木 望"
"2026/08/17 11:20:55","WEB画面","7994192","7994192X11Y11","本革 ハンチング メンズ ハンチングキャップ 帽子 キャップ メンズ 羊革 レザー ブラック 黒 7994192 ALI 181004 プレゼント ギフト","ONESIZE","ブラック","X11","Y11",,"0","-1","0","1","大木 望"
"2026/08/17 11:24:00","WEB画面","7986989","7986989X11Y13","【本革/特価/16色展開】本革 ショルダーバッグ ポーチ レディース ミニショルダーバッグ NEK ★REV 7986989 斜めがけ お財布 ショルダー お財布バッグ 送料無料","ONESIZE","ワイン","X11","Y13",,"0","11","9","-2","大木 望"
"2026/08/17 11:24:00","WEB画面","7986989","7986989X11Y14","【本革/特価/16色展開】本革 ショルダーバッグ ポーチ レディース ミニショルダーバッグ NEK ★REV 7986989 斜めがけ お財布 ショルダー お財布バッグ 送料無料","ONESIZE","パープル","X11","Y14",,"0","15","13","-2","大木 望"
"2026/08/17 11:26:16","受注取込","7994812","7994812X12Y11","サファリハット メンズ 釣り 帽子 ハット レディース SUNS(サンズ)  撥水 アウトドア 登山 キャンプ バーベキュー NEK ★REV H-051 H-053 送料無料 大きいサイズあり キッズサイズ 子供 UVカット アドベンチャーハット 父の日 プレゼント ユニセックス 春 夏 夏フェス ギフト","大きいサイズ","BK/BLACK(H_051)","X12","Y11",,"0","270","269","-1",
"2026/08/17 11:28:46","受注取込","7992054","7992054X11Y15","【シンプル/おしゃれ】16mm パワーストーン ネックレス メンズ レディース 瑪瑙 オブシディアン タイガーアイ NEK ★REV 7992054 黒曜石 茶水晶 虎目石 金運 財運 仕事運 恋愛 結婚 家庭円満 癒し 幸運 成功運 勝負運 家族運 厄除祈願 天然石 お守り プレゼント 送料無料","ONESIZE","【E】六字真言","X11","Y15",,"0","33","32","-1",
"2026/08/17 11:28:46","受注取込","7992054","7992054X11Y12","【シンプル/おしゃれ】16mm パワーストーン ネックレス メンズ レディース 瑪瑙 オブシディアン タイガーアイ NEK ★REV 7992054 黒曜石 茶水晶 虎目石 金運 財運 仕事運 恋愛 結婚 家庭円満 癒し 幸運 成功運 勝負運 家族運 厄除祈願 天然石 お守り プレゼント 送料無料","ONESIZE","【B】タイガーアイズ","X11","Y12",,"0","32","31","-1",
"2026/08/17 11:29:16","受注取込","7986572","7986572X11Y32","【新型/IQOS イルマ i ワン用】アイコス イルマiワン ILUMA ケース 保護ケース NEK ★REVL 7986572 iqosイルマワン イルマワンカバー 耐衝撃 おしゃれ iqos iluma one 専用 IQOSイルマワン保護ケース レザー ヒョウ柄 ペイズリー 保護カバー アイコスケース アクセサリー 送料無料","イルマiワン","76","X11","Y32",,"0","74","73","-1",
"2026/08/17 11:30:19","受注取込","7986651","7986651X11Y11","【銅×グラフェンの力で、スマホを瞬冷！】スマホ熱中症対策 冷却 クーラー NEK ★REVL 7986651 スマートフォン 保冷 結露なし スマホ 冷感 冷却 iphone アクセサリー 送料無料","ONESIZE","ブラック","X11","Y11",,"0","34","33","-1",
"2026/08/17 11:30:45","WEB画面","7988172","7988172X11Y11","【栃木レザー 日本製 】ベルト ビジネスベルト メンズ 本革 本皮 レザー 栃木レザー ★REV TDBT-1006 日本製 カジュアルベルト プレゼント ギフト MADE IN JAPAN クリスマス 父の日 誕生日プレゼント 送料無料","ONESIZE","ブラック","X11","Y11",,"0","8","6","-2","大木 望"
"2026/08/17 11:31:34","WEB画面","7987035","7987035X11Y13","【畳める】折りたたみ 防災リュック リュックサック バックパック NEK ★REVL 7987035 デイパック アウトドア キャンプ スポーツ ジム 撥水 軽量 パッカブル 通勤 通学 旅行 送料無料","ONESIZE","オレンジ","X11","Y13",,"0","-1","0","1","大木 望"
"2026/08/17 11:35:01","WEB画面","7987345","7987345X16Y11","【とにかくデカい！】 大きいサイズ キャップ 送料無料 大きめ ビッグサイズ ★REV 7987345 BIG SIZE 帽子 ハット キャップ キャスケット メンズキャップ 大きいサイズ バケット 大きい帽子 メンズ メンズ帽子 大きい 頭 メッシュキャップ","FFF","1","X16","Y11",,"0","1","0","-1","塩谷 満里子"
"2026/08/17 11:44:00","受注取込","7987140","7987140X11Y17","【COOLにマナーを】携帯灰皿 カラビナ付き 吸い殻入れ 金属製 フタ付き 小型 軽量 NEK ★REVL 7987140 喫煙グッズ アッシュトレイ 持ち運び便利 男性 メンズ レディース 送料無料","ONESIZE","G.ゴールドペイズリー","X11","Y17",,"0","31","30","-1",
"2026/08/17 11:46:32","受注取込","7987515","7987515X12Y13","【選べる6柄×3サイズ】ネックレス チェーン メンズ レディース NEK ★REV 7987515 サージカルステンレス316L 50cm 60cm 70cm シンプル おしゃれ プレゼント プチギフト バレンタイン クリスマス 送料無料","60cm","C","X12","Y13",,"0","21","20","-1",
"2026/08/17 11:46:32","受注取込","7987515","7987515X12Y15","【選べる6柄×3サイズ】ネックレス チェーン メンズ レディース NEK ★REV 7987515 サージカルステンレス316L 50cm 60cm 70cm シンプル おしゃれ プレゼント プチギフト バレンタイン クリスマス 送料無料","60cm","E","X12","Y15",,"0","11","10","-1",
"2026/08/17 11:51:45","受注取込","7987400","7987400X11Y16","【とにかくデカい！/普通サイズあり！】キャップ メンズ 大きいサイズ 帽子 深め ビッグサイズ ★REVM 7987400 BIG SIZE メンズキャップ帽子 大きめ 大きい帽子 メンズ帽子 レディース 春 夏 春夏 プレゼント ギフト 母の日 父の日 送料無料","大きいサイズ","F-ブラック","X11","Y16",,"0","159","158","-1",
"2026/08/17 11:58:03","受注取込","7986757","7986757X11Y11","【置くだけで充電】 ワイヤレス充電器 車載 ホルダー 置き型 Type-C充電 USB-A NEK ★REVL 7986757 最大20W 車載ワイヤレス充電パッド 充電 充電器 車載 スマホ ホルダー スタンド 車 携帯ホルダー 急速充電 サイズ調整可能 滑り止め iphone/Android 1M PD充電 スマホアクセサリー Qi規格 送料無料","ONESIZE","USB-A(1m)","X11","Y11",,"0","51","50","-1",
"2026/08/17 12:10:05","受注取込","7986530","7986530X11Y12","【ちょうどいい長さの25cm】全7通り Type-C 充電ケーブル スマホケーブル 急速6A NEK ★REVL 7986530 USB A→Type-C Type-C→Type-C Type-C→ライトニング スマホアクセサリー 新型iphone IQOS対応 短いケーブル 送料無料","ONESIZE","B_Type-C/Lightning【L字型】","X11","Y12",,"0","9","8","-1",
"2026/08/17 12:16:45","受注取込","7986572","7986572X11Y45","【新型/IQOS イルマ i ワン用】アイコス イルマiワン ILUMA ケース 保護ケース NEK ★REVL 7986572 iqosイルマワン イルマワンカバー 耐衝撃 おしゃれ iqos iluma one 専用 IQOSイルマワン保護ケース レザー ヒョウ柄 ペイズリー 保護カバー アイコスケース アクセサリー 送料無料","イルマiワン","89","X11","Y45",,"0","2","1","-1",
"2026/08/17 12:20:13","受注取込","7988215","7988215X20Y15","【とにかくデカい！】 大きいサイズ キャップ メッシュキャップ 送料無料 大きめ ビッグサイズ BIG SIZE ★REV 7988215 <br> 帽子 ハット キャップ ワークキャップ メンズキャップ 大きいサイズ バケット 大きい帽子 メンズ バケハ メンズ帽子 大きい 頭 メッシュ 全39カラー","JJ","5","X20","Y15",,"0","38","37","-1",
"2026/08/17 12:38:45","受注取込","7997141","7997141X16Y14","特大 スイカ ドーナツ 浮き輪 浮輪 送料無料 プール 大人用 子供用 NEK 7997141 ★REV 120cm 90cm 80cm 70cm 60cm サイズ 大きい 大きめ うきわ ウキワ すいか 海 海水浴 ビックフロート 水上 レジャー かわいい フローティングベッド 西瓜 子供用浮き輪 大人 子供 こども","ONESIZE","スイカストライプ","X16","Y14",,"0","41","40","-1",
"2026/08/17 12:49:01","受注取込","7987400","7987400X11Y11","【とにかくデカい！/普通サイズあり！】キャップ メンズ 大きいサイズ 帽子 深め ビッグサイズ ★REVM 7987400 BIG SIZE メンズキャップ帽子 大きめ 大きい帽子 メンズ帽子 レディース 春 夏 春夏 プレゼント ギフト 母の日 父の日 送料無料","大きいサイズ","A-ブラック","X11","Y11",,"0","53","52","-1",
"2026/08/17 12:58:00","受注取込","7992723","7992723X12Y11","お得！ 送料無料 4枚入り 福袋 Dickies ディッキーズ ボクサーパンツ メンズ かわいい NEK ★REV <br> パンツ ボクサーパンツ セット メンズ下着 メンズボクサーパンツ メンズボクサー 大きいサイズ 大きめ 特大 3L 下着 インナー メンズ usa まとめ買い プレゼント ギフト","L","福袋4枚セット","X12","Y11",,"0","241","240","-1",
"2026/08/17 13:15:01","受注取込","7988163","7988163X11Y11","【錆びないチタン】メンズブレスレット ブレスレット メンズ つけっぱなし NEK ★REV 7988163 チタン ブレスレット ワイヤーブレスレット シンプル バングル おしゃれ 送料無料 シルバー ゴールド ブラック","ONESIZE","シルバー","X11","Y11",,"0","12","11","-1",
"2026/08/17 13:26:45","受注取込","7987401","7987401X11Y11","大きいサイズ キャップ メッシュキャップ 帽子 ★REV 7987401 メンズ 野球帽 迷彩 カモフラ シャドーカモ 刺繍 送料無料","ONESIZE","ブラックシャドーカモ","X11","Y11",,"0","18","17","-1",
"2026/08/17 13:27:01","受注取込","7987149","7987149X11Y11","【便利グッズ】キークリップ キーフック お得 6個セット 紛失防止 収納 ★REV NEK 7987149 キーホルダー 鍵 カギ バッグ 鞄 かばん 財布 小物 ポケット 帽子フック","ONESIZE","6色セット","X11","Y11",,"0","156","155","-1",
"2026/08/17 13:27:30","受注取込","7987031","7987031X11Y15","【大人気SUNSより当店限定！】ミニトート バッグ レディース メンズ トートバッグ トート NEK ★REVL 7987031 CRB-001 ミニ 仕切り ポケット ランチバッグ マザーズバッグ 収納 ミリタリー MA-1 シンプル おしゃれ 便利 無地 通勤 通学 ユニセックス ジッパー付き 撥水","ONESIZE","グレージュ","X11","Y15",,"0","18","17","-1",
"2026/08/17 13:33:06","受注取込","7988215","7988215X18Y12","【とにかくデカい！】 大きいサイズ キャップ メッシュキャップ 送料無料 大きめ ビッグサイズ BIG SIZE ★REV 7988215 <br> 帽子 ハット キャップ ワークキャップ メンズキャップ 大きいサイズ バケット 大きい帽子 メンズ バケハ メンズ帽子 大きい 頭 メッシュ 全39カラー","HH","2","X18","Y12",,"0","27","26","-1",
"2026/08/17 13:37:45","受注取込","7997141","7997141X11Y11","特大 スイカ ドーナツ 浮き輪 浮輪 送料無料 プール 大人用 子供用 NEK 7997141 ★REV 120cm 90cm 80cm 70cm 60cm サイズ 大きい 大きめ うきわ ウキワ すいか 海 海水浴 ビックフロート 水上 レジャー かわいい フローティングベッド 西瓜 子供用浮き輪 大人 子供 こども","120cm","スイカ","X11","Y11",,"0","691","690","-1",
"2026/08/17 13:54:41","WEB画面","7986959","7986959X11Y12","AVIREX サーマル Tシャツ 半袖シャツ メンズ 正規品 THERMAL CREW-NECK Y_U NEK 7832934013 ★REV 7986959 ブランド おしゃれ 無地 ストレッチ アビレックス アヴィレックス クルーネック 送料無料","S","グレー(20)","X11","Y12",,"0","9","0","-9","塩谷 満里子"
"2026/08/17 13:54:41","WEB画面","7986959","7986959X11Y14","AVIREX サーマル Tシャツ 半袖シャツ メンズ 正規品 THERMAL CREW-NECK Y_U NEK 7832934013 ★REV 7986959 ブランド おしゃれ 無地 ストレッチ アビレックス アヴィレックス クルーネック 送料無料","S","ネイビー_RY(120)","X11","Y14",,"0","7","0","-7","塩谷 満里子"
"2026/08/17 13:58:30","受注取込","7994812","7994812X12Y11","サファリハット メンズ 釣り 帽子 ハット レディース SUNS(サンズ)  撥水 アウトドア 登山 キャンプ バーベキュー NEK ★REV H-051 H-053 送料無料 大きいサイズあり キッズサイズ 子供 UVカット アドベンチャーハット 父の日 プレゼント ユニセックス 春 夏 夏フェス ギフト","大きいサイズ","BK/BLACK(H_051)","X12","Y11",,"0","269","268","-1",
"2026/08/17 14:03:06","WEB画面","7987522","7987522X11Y12","ショルダーバッグ メンズ ワンショルダー サコッシュ 斜め掛け おしゃれバッグ ★REV 7987522 斜めがけ メンズボディバック かっこいい ボディバッグ レザー ワンショルダーバッグ カバン 鞄 かばん レザー調 メンズバッグ 斜めがけ メンズショルダーバック 散歩 父の日","ONESIZE","B柄(ブラック)","X11","Y12",,"0","6","5","-1","大場"
"2026/08/17 14:06:45","受注取込","7986466","7986466X11Y15","【大きいサイズ】 キャップ 帽子 メッシュキャップ ランニングキャップ NEK ★REVL 7986466 メンズ レディース 速乾 軽量 ジョギング アウトドア キャンプ スポーツ 釣り 海 プール 送料無料","ONESIZE","ライトグレー","X11","Y15",,"0","19","18","-1",
"2026/08/17 14:08:48","WEB画面","7988124","7988124X11Y13","大きいサイズ キャップ 帽子 メンズ フルキャップ ベースボールキャップ コットンキャップ 野球帽 ワンポイント ★REV 7988124 イーグル 鷲 刺繍 ミリタリー BIGSIZE キングサイズ 送料無料","ONESIZE","グレー","X11","Y13",,"0","39","40","1","早乙女"
"2026/08/17 14:09:15","受注取込","7987140","7987140X11Y12","【COOLにマナーを】携帯灰皿 カラビナ付き 吸い殻入れ 金属製 フタ付き 小型 軽量 NEK ★REVL 7987140 喫煙グッズ アッシュトレイ 持ち運び便利 男性 メンズ レディース 送料無料","ONESIZE","B.シルバー","X11","Y12",,"0","14","13","-1",
"2026/08/17 14:18:41","受注取込","7987718","7987718X12Y11","【日本製 姫路レザー】日本製 ベルト メンズ レディース 本革 本皮 ブライドルレザー ★REV Y_KO HBTH003 004 3.0cm幅 3.5cm幅 30mm 35mm 一枚革 ヌメ革 姫路レザー ビジネス カジュアル 送料無料","幅3.5cm(HBTH004)","ブラック","X12","Y11",,"0","8","7","-1",
"2026/08/17 14:20:26","受注取込","7987400","7987400X11Y11","【とにかくデカい！/普通サイズあり！】キャップ メンズ 大きいサイズ 帽子 深め ビッグサイズ ★REVM 7987400 BIG SIZE メンズキャップ帽子 大きめ 大きい帽子 メンズ帽子 レディース 春 夏 春夏 プレゼント ギフト 母の日 父の日 送料無料","大きいサイズ","A-ブラック","X11","Y11",,"0","52","51","-1",
"2026/08/17 14:38:15","受注取込","7987078","7987078X11Y11","【3個の福袋！即出荷】ビーチボール 水遊び ビーチバレー 浮き輪 フロート NEK ★REV 7987078 サッカーボール 30cm アウトドア キャンプ 海 プール 川 リゾート 送料無料","ONESIZE","3個セット","X11","Y11",,"0","42","41","-1",
"2026/08/17 14:43:15","受注取込","7987078","7987078X11Y11","【3個の福袋！即出荷】ビーチボール 水遊び ビーチバレー 浮き輪 フロート NEK ★REV 7987078 サッカーボール 30cm アウトドア キャンプ 海 プール 川 リゾート 送料無料","ONESIZE","3個セット","X11","Y11",,"0","41","40","-1",
"2026/08/17 14:56:13","受注取込","7994812","7994812X12Y16","サファリハット メンズ 釣り 帽子 ハット レディース SUNS(サンズ)  撥水 アウトドア 登山 キャンプ バーベキュー NEK ★REV H-051 H-053 送料無料 大きいサイズあり キッズサイズ 子供 UVカット アドベンチャーハット 父の日 プレゼント ユニセックス 春 夏 夏フェス ギフト","大きいサイズ","GRAY(H_051)","X12","Y16",,"0","52","51","-1",
"2026/08/17 15:12:15","受注取込","7986572","7986572X11Y13","【新型/IQOS イルマ i ワン用】アイコス イルマiワン ILUMA ケース 保護ケース NEK ★REVL 7986572 iqosイルマワン イルマワンカバー 耐衝撃 おしゃれ iqos iluma one 専用 IQOSイルマワン保護ケース レザー ヒョウ柄 ペイズリー 保護カバー アイコスケース アクセサリー 送料無料","イルマiワン","57","X11","Y13",,"0","4","3","-1",
"2026/08/17 15:17:30","受注取込","7988120","7988120X11Y14","【とにかくデカい！】大きいサイズ キャップ 帽子 ビッグサイズ BIGサイズ 大きめ メンズ ウール ★REV 7988120 WOOL50％ メルトン プレゼント ギフト 送料無料","ONESIZE","ブラック×ホワイト","X11","Y14",,"0","5","4","-1",
"2026/08/17 15:20:21","受注取込","7987093","7987093X12Y11","【新型iphone/IQOS対応】急速5A 3股 Type-C 充電ケーブル スマホケーブル 1.2m 2m 3m typec NEK ★REVL 7987093 新型iphone IQOS対応 USB A→Type-C×3 充電ケーブル 3in1 急速 送料無料","2.0m","ブラック_TypeA/TypeC×3","X12","Y11",,"0","31","29","-2",
"2026/08/17 15:20:45","受注取込","7987678","7987678X12Y14","【洗濯可能】トレーニンググローブ 手袋 筋トレ 筋トレグローブ メンズ レディース 指無し NEK ★REV 7987678 ウェイトリフティング 防滑 クッション性 伸びる 洗濯OK バーベル サイクリング ヨガ グリップ","M","B-ブラック","X12","Y14",,"0","21","20","-1",
"2026/08/17 15:31:45","受注取込","7994812","7994812X12Y11","サファリハット メンズ 釣り 帽子 ハット レディース SUNS(サンズ)  撥水 アウトドア 登山 キャンプ バーベキュー NEK ★REV H-051 H-053 送料無料 大きいサイズあり キッズサイズ 子供 UVカット アドベンチャーハット 父の日 プレゼント ユニセックス 春 夏 夏フェス ギフト","大きいサイズ","BK/BLACK(H_051)","X12","Y11",,"0","268","267","-1",
"2026/08/17 15:40:04","受注取込","7987400","7987400X11Y33","【とにかくデカい！/普通サイズあり！】キャップ メンズ 大きいサイズ 帽子 深め ビッグサイズ ★REVM 7987400 BIG SIZE メンズキャップ帽子 大きめ 大きい帽子 メンズ帽子 レディース 春 夏 春夏 プレゼント ギフト 母の日 父の日 送料無料","大きいサイズ","W-グレー","X11","Y33",,"0","33","32","-1",
"2026/08/17 15:40:32","受注取込","7986597","7986597X11Y11","【目元リラックス！高純度テラヘルツ】高純度 テラヘルツ アイマスク NEK ★REVL 7986597 重さ150g・包み込む美容ケア・リラクゼーション用 健康 テラヘルツ波 パワーストーン 天然石 アクセサリー プレゼント ギフト プチギフト 母の日 父の日 送料無料","アイマスク","メタリッククローム","X11","Y11",,"0","9","8","-1",
"2026/08/17 15:40:32","受注取込","7992723","7992723X13Y11","お得！ 送料無料 4枚入り 福袋 Dickies ディッキーズ ボクサーパンツ メンズ かわいい NEK ★REV <br> パンツ ボクサーパンツ セット メンズ下着 メンズボクサーパンツ メンズボクサー 大きいサイズ 大きめ 特大 3L 下着 インナー メンズ usa まとめ買い プレゼント ギフト","LL","福袋4枚セット","X13","Y11",,"0","6","5","-1",
"2026/08/17 15:40:32","受注取込","7994812","7994812X12Y26","サファリハット メンズ 釣り 帽子 ハット レディース SUNS(サンズ)  撥水 アウトドア 登山 キャンプ バーベキュー NEK ★REV H-051 H-053 送料無料 大きいサイズあり キッズサイズ 子供 UVカット アドベンチャーハット 父の日 プレゼント ユニセックス 春 夏 夏フェス ギフト","大きいサイズ","BLACK/BEIGE(H_051)","X12","Y26",,"0","29","28","-1",
"2026/08/17 15:40:32","受注取込","7994812","7994812X12Y22","サファリハット メンズ 釣り 帽子 ハット レディース SUNS(サンズ)  撥水 アウトドア 登山 キャンプ バーベキュー NEK ★REV H-051 H-053 送料無料 大きいサイズあり キッズサイズ 子供 UVカット アドベンチャーハット 父の日 プレゼント ユニセックス 春 夏 夏フェス ギフト","大きいサイズ","BROWN/BEIGE(H_051)","X12","Y22",,"0","10","9","-1",
"2026/08/17 15:40:32","受注取込","7986809","7986809X14Y14","【大人気モデル】スヌーピー スニーカー レディース 靴 軽い PEANUTS Y_KO 8292 ★REV 7986809 ホワイトスニーカー ワンポイント 通学用 学校","24.0cm","ホワイト/グリーン","X14","Y14",,"0","17","16","-1",
"2026/08/17 15:41:15","受注取込","7997141","7997141X15Y11","特大 スイカ ドーナツ 浮き輪 浮輪 送料無料 プール 大人用 子供用 NEK 7997141 ★REV 120cm 90cm 80cm 70cm 60cm サイズ 大きい 大きめ うきわ ウキワ すいか 海 海水浴 ビックフロート 水上 レジャー かわいい フローティングベッド 西瓜 子供用浮き輪 大人 子供 こども","60cm","スイカ","X15","Y11",,"0","70","69","-1",
"2026/08/17 15:54:45","受注取込","7997141","7997141X11Y11","特大 スイカ ドーナツ 浮き輪 浮輪 送料無料 プール 大人用 子供用 NEK 7997141 ★REV 120cm 90cm 80cm 70cm 60cm サイズ 大きい 大きめ うきわ ウキワ すいか 海 海水浴 ビックフロート 水上 レジャー かわいい フローティングベッド 西瓜 子供用浮き輪 大人 子供 こども","120cm","スイカ","X11","Y11",,"0","690","689","-1",
"2026/08/17 16:00:20","受注取込","7987093","7987093X12Y11","【新型iphone/IQOS対応】急速5A 3股 Type-C 充電ケーブル スマホケーブル 1.2m 2m 3m typec NEK ★REVL 7987093 新型iphone IQOS対応 USB A→Type-C×3 充電ケーブル 3in1 急速 送料無料","2.0m","ブラック_TypeA/TypeC×3","X12","Y11",,"0","29","27","-2",
"2026/08/17 16:04:45","受注取込","7987490","7987490X11Y11","【手首を太く逞しくする】前腕筋 筋トレ 握力 手首 前腕部の強化 腕相撲 ★REV 7987490 バスケットボール テニス ゴルフ 柔道 剣道 空手 格闘技 プレゼント ギフト 送料無料","ONESIZE","ブラック","X11","Y11",,"0","91","90","-1",
"2026/08/17 16:05:01","受注取込","7988125","7988125X11Y13","【カーボンスタイル 大きいサイズ】メッシュキャップ キャップ 帽子 ★REV 7988125 大きいサイズ 大きめ ビッグサイズ BIGサイズ シンプル 無地 カーボン調 プレゼント ギフト 送料無料","ONESIZE","ネイビー","X11","Y13",,"0","42","41","-1",
"2026/08/17 16:18:01","受注取込","7988215","7988215X13Y15","【とにかくデカい！】 大きいサイズ キャップ メッシュキャップ 送料無料 大きめ ビッグサイズ BIG SIZE ★REV 7988215 <br> 帽子 ハット キャップ ワークキャップ メンズキャップ 大きいサイズ バケット 大きい帽子 メンズ バケハ メンズ帽子 大きい 頭 メッシュ 全39カラー","CC","5","X13","Y15",,"0","11","10","-1",
"2026/08/17 16:22:01","受注取込","7988215","7988215X29Y14","【とにかくデカい！】 大きいサイズ キャップ メッシュキャップ 送料無料 大きめ ビッグサイズ BIG SIZE ★REV 7988215 <br> 帽子 ハット キャップ ワークキャップ メンズキャップ 大きいサイズ バケット 大きい帽子 メンズ バケハ メンズ帽子 大きい 頭 メッシュ 全39カラー","SS","4","X29","Y14",,"0","4","3","-1",
"2026/08/17 16:29:44","受注取込","7986527","7986527X13Y11","【シリコン製/つけっぱなし】シリコンリング 指輪 メンズ レディース 軽量 耐水 NEK ★REVL 7986527 ユニセックス プレゼント ギフト ミニマル アクセサリー 送料無料","19号","ブラック","X13","Y11",,"0","6","5","-1",
"2026/08/17 16:29:45","受注取込","7986531","7986531X11Y25","【新型/IQOS イルマ i ワン用】アイコス イルマiワン ILUMA ケース 保護ケース NEK ★REVL 7986531 iqosイルマワン イルマワンカバー 耐衝撃 おしゃれ iqos iluma one 専用 IQOSイルマワン保護ケース レザー ヒョウ柄 ペイズリー 保護カバー アイコスケース アクセサリー 送料無料","ONESIZE","108","X11","Y25",,"0","2","1","-1",
"2026/08/17 16:33:45","受注取込","7997141","7997141X11Y11","特大 スイカ ドーナツ 浮き輪 浮輪 送料無料 プール 大人用 子供用 NEK 7997141 ★REV 120cm 90cm 80cm 70cm 60cm サイズ 大きい 大きめ うきわ ウキワ すいか 海 海水浴 ビックフロート 水上 レジャー かわいい フローティングベッド 西瓜 子供用浮き輪 大人 子供 こども","120cm","スイカ","X11","Y11",,"0","689","688","-1",
"2026/08/17 16:39:53","WEB画面","7987122","7987122X11Y13","【深い ALLメッシュ】ハンチング キャスケット キャスハンチング キャップ 大きいサイズ NEK ★REV 7987122 深い 深め メンズ レディース ハンチング帽子 ハンチング帽 帽子 メンズ帽子 送料無料","ONESIZE","ブラック","X11","Y13",,"0","23","24","1","大場"
"2026/08/17 16:49:45","受注取込","7988002","7988002X12Y18","【光る首輪】光る 犬 首輪 光る 犬用 LED ライト USB充電式 猫用 カラー 可愛い NEK ★REVG 7988002 ペット用品 ドッグ 大型犬 中型犬 小型犬 向け サイズ調節 35cm 50cm 70cm レインボー 猫 事故防止 散歩 防水 送料無料","M(50cm)","レインボー","X12","Y18",,"0","9","8","-1",
"2026/08/17 16:53:32","WEB画面","7986485","7986485X14Y11","AVIREX アビレックス サンダル メンズ レディース ブランド シャワーサンダル AV4630 Y_KO ★REVM 7986485 BAMSHEE AV4630 部屋履き ちょい履き","28.0cm","BLACK","X14","Y11",,"0","8","0","-8","塩谷 満里子"
"2026/08/17 16:54:09","WEB画面","7986485","7986485X11Y11","AVIREX アビレックス サンダル メンズ レディース ブランド シャワーサンダル AV4630 Y_KO ★REVM 7986485 BAMSHEE AV4630 部屋履き ちょい履き","25.0cm","BLACK","X11","Y11",,"0","5","0","-5","塩谷 満里子"
"2026/08/17 16:54:09","WEB画面","7986485","7986485X11Y12","AVIREX アビレックス サンダル メンズ レディース ブランド シャワーサンダル AV4630 Y_KO ★REVM 7986485 BAMSHEE AV4630 部屋履き ちょい履き","25.0cm","WHITE/BLACK","X11","Y12",,"0","5","0","-5","塩谷 満里子"
"2026/08/17 16:54:09","WEB画面","7986485","7986485X12Y11","AVIREX アビレックス サンダル メンズ レディース ブランド シャワーサンダル AV4630 Y_KO ★REVM 7986485 BAMSHEE AV4630 部屋履き ちょい履き","26.0cm","BLACK","X12","Y11",,"0","9","0","-9","塩谷 満里子"
"2026/08/17 16:54:09","WEB画面","7986485","7986485X12Y12","AVIREX アビレックス サンダル メンズ レディース ブランド シャワーサンダル AV4630 Y_KO ★REVM 7986485 BAMSHEE AV4630 部屋履き ちょい履き","26.0cm","WHITE/BLACK","X12","Y12",,"0","10","3","-7","塩谷 満里子"
"2026/08/17 16:54:09","WEB画面","7986485","7986485X13Y11","AVIREX アビレックス サンダル メンズ レディース ブランド シャワーサンダル AV4630 Y_KO ★REVM 7986485 BAMSHEE AV4630 部屋履き ちょい履き","27.0cm","BLACK","X13","Y11",,"0","20","0","-20","塩谷 満里子"
"2026/08/17 16:54:09","WEB画面","7986485","7986485X13Y12","AVIREX アビレックス サンダル メンズ レディース ブランド シャワーサンダル AV4630 Y_KO ★REVM 7986485 BAMSHEE AV4630 部屋履き ちょい履き","27.0cm","WHITE/BLACK","X13","Y12",,"0","20","0","-20","塩谷 満里子"
"2026/08/17 16:54:09","WEB画面","7986485","7986485X14Y12","AVIREX アビレックス サンダル メンズ レディース ブランド シャワーサンダル AV4630 Y_KO ★REVM 7986485 BAMSHEE AV4630 部屋履き ちょい履き","28.0cm","WHITE/BLACK","X14","Y12",,"0","10","0","-10","塩谷 満里子"
"2026/08/17 17:00:20","受注取込","7988221","7988221X11Y11","長崎産 びわの種の甘露煮 （2瓶） IRK 長崎県特産品新作展奨励賞受賞 / 農林水産省主催フードアクションニッポンアワード入賞品 / アミグダリン、シアンは入っておりません 7988221","140g","2瓶セット","X11","Y11",,"0","70","69","-1",
"2026/08/17 17:02:31","受注取込","7987526","7987526X11Y13","【5本組 おしゃれ】バラ 造花 花束 薔薇 ばら ローズ アートフラワー ★REV 7987526 プレゼント ギフト 誕生日 イベント インテリア 母の日","ONESIZE","レッド","X11","Y13",,"0","1","0","-1",
"2026/08/17 17:04:15","受注取込","7987400","7987400X12Y19","【とにかくデカい！/普通サイズあり！】キャップ メンズ 大きいサイズ 帽子 深め ビッグサイズ ★REVM 7987400 BIG SIZE メンズキャップ帽子 大きめ 大きい帽子 メンズ帽子 レディース 春 夏 春夏 プレゼント ギフト 母の日 父の日 送料無料","普通サイズ","I-ネイビー","X12","Y19",,"0","6","5","-1",
"2026/08/17 17:13:31","受注取込","7986720","7986720X11Y15","【ダメージ加工がCOOL】帽子 キャップ Vintage メンズ レディース くすみカラー ★REVL 7986720 こなれ感 深め しっかり素材 送料無料","ONESIZE","チャコール","X11","Y15",,"0","6","5","-1",
"2026/08/17 17:20:26","受注取込","7990254","7990254X11Y12","【送料無料 速攻配達】AVIREX ニットキャップ ニット帽 帽子 メンズ レディース スウェットキャップ  NEK ★REV 14649300 ルーズ キャップ ブランド アビレックス リバーシブル AX REVERSIBLE SWEAT CAP 送料無料 プレゼント ギフト","ONESIZE","ブラック(80)","X11","Y12",,"0","306","305","-1",
"2026/08/17 17:29:15","受注取込","7988044","7988044X11Y13","ショルダーバッグ メンズ ワンショルダー 斜め掛け ★REV 7988044 おしゃれバッグ Vintage 斜めがけ メンズボディバック かっこいい ボディバッグ レザー ワンショルダーバッグ カバン 鞄 かばん レザー調 メンズバッグ 斜めがけ メンズショルダーバック 散歩 送料無料","ONESIZE","C_ブラウン","X11","Y13",,"0","29","28","-1",
"2026/08/17 17:40:20","受注取込","7992723","7992723X13Y11","お得！ 送料無料 4枚入り 福袋 Dickies ディッキーズ ボクサーパンツ メンズ かわいい NEK ★REV <br> パンツ ボクサーパンツ セット メンズ下着 メンズボクサーパンツ メンズボクサー 大きいサイズ 大きめ 特大 3L 下着 インナー メンズ usa まとめ買い プレゼント ギフト","LL","福袋4枚セット","X13","Y11",,"0","5","4","-1",
"2026/08/17 17:43:45","受注取込","7997141","7997141X11Y11","特大 スイカ ドーナツ 浮き輪 浮輪 送料無料 プール 大人用 子供用 NEK 7997141 ★REV 120cm 90cm 80cm 70cm 60cm サイズ 大きい 大きめ うきわ ウキワ すいか 海 海水浴 ビックフロート 水上 レジャー かわいい フローティングベッド 西瓜 子供用浮き輪 大人 子供 こども","120cm","スイカ","X11","Y11",,"0","688","687","-1",
"2026/08/17 17:49:45","受注取込","7987794","7987794X11Y16","【大きいサイズもあり】キャスハンチング キャップ メンズ レディース CULTURE MART NEK 101294 ★REV 7987794 ハンチング帽子 ハンチング帽 秋冬 帽子 ハンチング キャスケット メンズ帽子 レディース帽子秋冬 秋冬帽子 メンズハンチング おしゃれ カルチャーマート","普通サイズ","デニム(6)","X11","Y16",,"0","51","50","-1",
"2026/08/17 17:50:19","受注取込","7986757","7986757X11Y12","【置くだけで充電】 ワイヤレス充電器 車載 ホルダー 置き型 Type-C充電 USB-A NEK ★REVL 7986757 最大20W 車載ワイヤレス充電パッド 充電 充電器 車載 スマホ ホルダー スタンド 車 携帯ホルダー 急速充電 サイズ調整可能 滑り止め iphone/Android 1M PD充電 スマホアクセサリー Qi規格 送料無料","ONESIZE","TYPE-C(1m)","X11","Y12",,"0","134","133","-1",
"2026/08/17 17:59:15","受注取込","7986572","7986572X11Y27","【新型/IQOS イルマ i ワン用】アイコス イルマiワン ILUMA ケース 保護ケース NEK ★REVL 7986572 iqosイルマワン イルマワンカバー 耐衝撃 おしゃれ iqos iluma one 専用 IQOSイルマワン保護ケース レザー ヒョウ柄 ペイズリー 保護カバー アイコスケース アクセサリー 送料無料","イルマiワン","71","X11","Y27",,"0","6","5","-1",
"2026/08/17 18:02:12","在庫CSV取込","9009978","9009978X11Y4","帽子 メンズ AVIREX アビレックス 送料無料 キャップ 父の日 プレゼント 贈り物 ニットキャップ メッシュキャップ 大きいサイズ レディース ディッキーズ ローキャップ ワークキャップ ハット ハンチング おしゃれ ロゴ 刺繍 プリント アメカジ HYPE 通販 yos ギフト","K","-4","X11","Y4",,"0","1","0","-1","星島"
"2026/08/17 18:02:12","在庫CSV取込","9009978","9009978X3Y6","帽子 メンズ AVIREX アビレックス 送料無料 キャップ 父の日 プレゼント 贈り物 ニットキャップ メッシュキャップ 大きいサイズ レディース ディッキーズ ローキャップ ワークキャップ ハット ハンチング おしゃれ ロゴ 刺繍 プリント アメカジ HYPE 通販 yos ギフト","C","-6","X3","Y6",,"0","10","9","-1","星島"
"2026/08/17 18:02:12","在庫CSV取込","7988607","7988607X11Y12","【超絶可愛い】マスク 日本製 フリルマスク レディース 抗菌 防臭 ワイヤー入り UVカット おしゃれ 可愛い 送料無料 エレガント 洗えるマスク NEK 7988607 プレゼント ギフト","ONESIZE","ベージュ","X11","Y12",,"0","8","7","-1","星島"
"2026/08/17 18:02:12","在庫CSV取込","7990381","7990381X11Y13","【15柄展開】マスク 洗えるマスク カラーマスク レース メンズ レディース ペイズリー カモフラ 花柄 レオパード柄 新作 15柄展開 ★REV NEK 7990381 プレゼント ギフト","ONESIZE","C","X11","Y13",,"0","18","17","-1","星島"
"2026/08/17 18:02:12","在庫CSV取込","7990453","7990453X11Y20","【魅せるマスク】マスク カラーマスク ペイズリー 迷彩 カモフラージュ 総柄 おしゃれ かわいい ストレッチ 大人用 14色展開 NEK 7990453 プレゼント ギフト","一般成人用サイズ","迷彩A","X11","Y20",,"0","83","82","-1","星島"
"2026/08/17 18:02:12","在庫CSV取込","7988090","7988090X14Y11","安全靴 スニーカー エアウォーク AIR WALK Y_YU AW-890 ブルー迷彩 アクティブライト ローカット メンズ セーフティシューズ 樹脂先芯 軽量 衝撃吸収 負担軽減 作業靴 オシャレ","26.5cm ","ブルー迷彩","X14","Y11",,"0","143","142","-1","星島"
"2026/08/17 18:02:12","在庫CSV取込","7986850","7986850X11Y12","【耐滑底/おしゃれ】安全靴 スニーカー エアウォーク ミッドカット AIR WALK AW-940 AW-950 Y_YU ★REV 7986850 メンズ おしゃれ 耐滑底 樹脂先芯 ストレッチロック セーフティシューズ 作業靴 送料無料","25.0cm","AW-950_ホワイト","X11","Y12",,"0","139","138","-1","星島"
"2026/08/17 18:02:12","在庫CSV取込","7990413","7990413X11Y21","【超おしゃれ】マスク スカーフマスク 送料無料 感染対策 女性 レディース スカーフ マスクスカーフ 花柄 おしゃれ エレガント 防塵 花粉 UVカット 洗える NEK 7990413","ONESIZE","K","X11","Y21",,"0","22","21","-1","星島"
"2026/08/17 18:02:12","在庫CSV取込","7990413","7990413X11Y13","【超おしゃれ】マスク スカーフマスク 送料無料 感染対策 女性 レディース スカーフ マスクスカーフ 花柄 おしゃれ エレガント 防塵 花粉 UVカット 洗える NEK 7990413","ONESIZE","C","X11","Y13",,"0","0","-1","-1","星島"
"2026/08/17 18:02:12","在庫CSV取込","7992250","7992250X19Y12","iPhone XS ケース バンカーリング 付き 落ちない シリコン ケース 透明 スケルトン 輪 送料無料 iphone XR ケース iPhone8 ケース iphone XS MAX  iphone X リング付 iPhone7 Plus スマホケース カバー クリア アイフォン アクセサリー NEK ALI 7992250 190715","iPhone_11_pro_MAX","ブルー","X19","Y12",,"0","6","5","-1","星島"
"2026/08/17 18:02:12","在庫CSV取込","7987082","7987082X11Y14","【超冷感】アームカバー UPF50＋ UVカット レディース uvカット アームカバー NEK ★REVA 7987082 指先まで 日焼け止め 腕カバー アームカバー uv 冷感 日焼け止め 手袋 アームカバー 日焼け対策 アームカバー 日焼け 冷感 夏 アウトドア 運転 自転車 ゴルフ 送料無料","ONESIZE","ライトグレー","X11","Y14",,"0","0","-1","-1","星島"
"2026/08/17 18:02:12","在庫CSV取込","7992495","7992495X11Y21","ブレスレット バングル メンズ レディース サバイバル パラコード 笛付き リフレクター素材 サバゲー ミリタリー アクセサリー プレゼント 送料無料  NEK ALI 7992495 190707","ONESIZE","K","X11","Y21",,"0","12","11","-1","星島"
"2026/08/17 18:02:12","在庫CSV取込","7992495","7992495X11Y13","ブレスレット バングル メンズ レディース サバイバル パラコード 笛付き リフレクター素材 サバゲー ミリタリー アクセサリー プレゼント 送料無料  NEK ALI 7992495 190707","ONESIZE","C","X11","Y13",,"0","22","21","-1","星島"
"2026/08/17 18:02:12","在庫CSV取込","7986688","7986688X14Y13","【竹炭消臭インソール付】サンダル メンズ スポーツサンダル ★REVL 7986688 防滑 水陸両用 レジャー アウトドアサンダル ウォーターシューズ マジックテープ ブラック 歩きやすい 海 ビーチ 夏レジャー 送料無料","26.5cm","ダークブラウン","X14","Y13",,"0","9","8","-1","星島"
"2026/08/17 18:02:12","在庫CSV取込","7987409","7987409X11Y14","【130cm 大きいサイズ対応】本革 床革 ベルト メンズ 130cm NEK ★REV 7987409 大きいサイズ対応 シンセティックレザー ビジネスベルト カジュアルベルト 父の日 送料無料","ONESIZE","ブラウンB","X11","Y14",,"0","32","31","-1","星島"
"2026/08/17 18:02:12","在庫CSV取込","7988248","7988248X11Y12","リュック メンズ レディース 防水 防災リュック 避難 スポーツ 軽量 リュックサック 32L ★REV 7988248 バックパック デイパック アウトドア キャンプ ジム 登山 散歩  送料無料","ONESIZE","ブラック","X11","Y12",,"0","95","94","-1","星島"
"2026/08/17 18:02:12","在庫CSV取込","7986850","7986850X16Y12","【耐滑底/おしゃれ】安全靴 スニーカー エアウォーク ミッドカット AIR WALK AW-940 AW-950 Y_YU ★REV 7986850 メンズ おしゃれ 耐滑底 樹脂先芯 ストレッチロック セーフティシューズ 作業靴 送料無料","28.0cm","AW-950_ホワイト","X16","Y12",,"0","6","5","-1","星島"
"2026/08/17 18:02:12","在庫CSV取込","7987006","7987006X11Y11","【くすみカラー】サファリハット ハット アドベンチャーハット レディース メンズ NEK ★REV 7987006 アウトドア キャンプ 釣り 日焼け止め 速乾 通気性 日よけ 送料無料","ONESIZE","ブラック","X11","Y11",,"0","14","13","-1","星島"
"2026/08/17 18:02:12","在庫CSV取込","7987092","7987092X11Y14","【本革】キーケース スマートキーケース メンズ レディース NEK ★REV 7987092 ポーチ LEATHER 本革 本皮 おしゃれ コスメポーチ 小銭入れ 送料無料","ONESIZE","ブルーグレー","X11","Y14",,"0","4","3","-1","星島"
"2026/08/17 18:02:12","在庫CSV取込","7987077","7987077X14Y13","リカバリーサンダル サンダル メンズ レディース 厚底 スポーツサンダル ★REV 7987077 速乾 軽量 アウトドア キャンプ 水遊び 海 山 川 送料無料","41-42(25.5～26.0cm)","オレンジ","X14","Y13",,"0","3","2","-1","星島"
"2026/08/17 18:02:12","在庫CSV取込","7987175","7987175X11Y15","LA ロサンゼルス LOS ANGELESS キャップ 帽子 野球帽 アウトドア ★REV 7987175 メンズ レディース 野球 ローキャップ Vintage プレゼント ギフト","ONESIZE","カーキ","X11","Y15",,"0","8","7","-1","星島"
"2026/08/17 18:02:12","在庫CSV取込","7987681","7987681X11Y11","【超高輝度 500ルーメン】COB LED ライト マルチライト 500ルーメン キーホルダー NEK ★REV 7987681 充電式 栓抜き対応 カラビナ カラナビ 磁石 マグネット ワークライト キャンプ アウトドア 作業灯 防災 現場 Type-c USB プレゼント ギフト 送料無料","ONESIZE","ブラック","X11","Y11",,"0","44","43","-1","星島"
"2026/08/17 18:02:12","在庫CSV取込","7988610","7988610X11Y12","【おまけ付き】タックルボックス ルアーケース 釣り具ケース 収納 防水 タックルケース 釣り ワームケース ケース 釣り針 シンカー フライボックス 7988610 プレゼント ギフト","中","オリーブ","X11","Y12",,"0","38","37","-1","星島"
"2026/08/17 18:02:12","在庫CSV取込","9009978","9009978X14Y3","帽子 メンズ AVIREX アビレックス 送料無料 キャップ 父の日 プレゼント 贈り物 ニットキャップ メッシュキャップ 大きいサイズ レディース ディッキーズ ローキャップ ワークキャップ ハット ハンチング おしゃれ ロゴ 刺繍 プリント アメカジ HYPE 通販 yos ギフト","N","-3","X14","Y3",,"0","8","7","-1","星島"
"2026/08/17 18:02:12","在庫CSV取込","9009978","9009978X16Y2","帽子 メンズ AVIREX アビレックス 送料無料 キャップ 父の日 プレゼント 贈り物 ニットキャップ メッシュキャップ 大きいサイズ レディース ディッキーズ ローキャップ ワークキャップ ハット ハンチング おしゃれ ロゴ 刺繍 プリント アメカジ HYPE 通販 yos ギフト","P","-2","X16","Y2",,"0","8","7","-1","星島"
"2026/08/17 18:02:12","在庫CSV取込","7988047","7988047X11Y11","2WAY ミニ ボストンバッグ メンズ レディース ★REV 7988047 小さめ 小型 ショルダーバッグ ミニバッグ ドラムバッグ 小旅行 アウトドア キャンプ ジム 軽量 送料無料","ONESIZE","ブラック","X11","Y11",,"0","47","46","-1","星島"
"2026/08/17 18:02:12","在庫CSV取込","7987924","7987924X11Y13","【蒸れない 通気性抜群】メッシュキャップ 帽子 キャップ メンズ レディース アウトドア キャンプ ゴルフ ランニング ★REV 7987924","ONESIZE","オリーブ","X11","Y13",,"0","5","4","-1","星島"
"2026/08/17 18:06:15","受注取込","7988381","7988381X11Y11","【圧巻の180色 プロ仕様】油性色鉛筆 色鉛筆 180色 塗り絵 絵具 マンガ 漫画 デッサン スケッチ 学生 美大生 絵画 葉書 7988381 ぬり絵 色鉛筆 セット 画材 美術 アート ポスター 色鉛筆セット 色えんぴつ プレゼント 小学生 中学生 油性 誕生日 ギフト 速攻配達＆送料無料","ONESIZE","180本セット","X11","Y11",,"0","24","23","-1",
"2026/08/17 18:10:27","受注取込","7988208","7988208X11Y12","【旅行にピッタリ】ボストンバッグ ボストン メンズ レディース ★REV 7988208 小旅行 大容量 2泊 大きい ゴルフ ビジネス 出張 修学旅行 収納ポケット多数 シンプル 送料無料","ONESIZE","ブラック","X11","Y12",,"0","24","23","-1",
"2026/08/17 18:12:04","WEB画面","7990413","7990413X11Y13","【超おしゃれ】マスク スカーフマスク 送料無料 感染対策 女性 レディース スカーフ マスクスカーフ 花柄 おしゃれ エレガント 防塵 花粉 UVカット 洗える NEK 7990413","ONESIZE","C","X11","Y13",,"0","-1","2","3","星島"
"2026/08/17 18:14:45","受注取込","7998075","7998075X12Y14","他店圧倒価格♪最安値に挑戦！ 1点までメール便送料無料 ワッチキャップ ニット帽子 ニットキャップ 7998075 【MB】【ALI】■05161126【wow未販売】 sg追加200125 sg追加200125","大きいサイズ(～65cm)","ネイビー","X12","Y14",,"0","70","69","-1",
"2026/08/17 18:25:45","受注取込","7986572","7986572X11Y38","【新型/IQOS イルマ i ワン用】アイコス イルマiワン ILUMA ケース 保護ケース NEK ★REVL 7986572 iqosイルマワン イルマワンカバー 耐衝撃 おしゃれ iqos iluma one 専用 IQOSイルマワン保護ケース レザー ヒョウ柄 ペイズリー 保護カバー アイコスケース アクセサリー 送料無料","イルマiワン","82","X11","Y38",,"0","7","6","-1",
"2026/08/17 18:25:45","受注取込","7987988","7987988X12Y15","【AVIREX 限定】サファリハット メンズ 大きいサイズ BIGサイズ アドベンチャーハット 17158300 17158400 釣り 帽子 ハット ★REV NEK 7987988 大きめ 普通サイズ AVIREX 限定 かっこいい アウトドア ブラックシリーズ アビレックス 帽子 キャップ ブランド 撥水加工","大きいサイズ_17158400","グレージュ(73)","X12","Y15",,"0","10","9","-1",
"2026/08/17 18:26:01","受注取込","7987098","7987098X11Y11","【お得な2個セット COOLにマナーを】携帯灰皿 吸い殻入れ 金属製 フタ付き 小型 軽量 NEK ★REVL 7987098 喫煙グッズ アッシュトレイ 持ち運び便利 男性 メンズ レディース アイコス イルマ テリア IQOS ILUMA TEREA 送料無料","ONESIZE","2個セット","X11","Y11",,"0","13","12","-1",
"2026/08/17 18:31:15","受注取込","7988215","7988215X14Y15","【とにかくデカい！】 大きいサイズ キャップ メッシュキャップ 送料無料 大きめ ビッグサイズ BIG SIZE ★REV 7988215 <br> 帽子 ハット キャップ ワークキャップ メンズキャップ 大きいサイズ バケット 大きい帽子 メンズ バケハ メンズ帽子 大きい 頭 メッシュ 全39カラー","DD","5","X14","Y15",,"0","29","28","-1",
"2026/08/17 18:31:15","受注取込","7988215","7988215X15Y12","【とにかくデカい！】 大きいサイズ キャップ メッシュキャップ 送料無料 大きめ ビッグサイズ BIG SIZE ★REV 7988215 <br> 帽子 ハット キャップ ワークキャップ メンズキャップ 大きいサイズ バケット 大きい帽子 メンズ バケハ メンズ帽子 大きい 頭 メッシュ 全39カラー","EE","2","X15","Y12",,"0","19","18","-1",
"2026/08/17 18:41:01","受注取込","7986572","7986572X11Y45","【新型/IQOS イルマ i ワン用】アイコス イルマiワン ILUMA ケース 保護ケース NEK ★REVL 7986572 iqosイルマワン イルマワンカバー 耐衝撃 おしゃれ iqos iluma one 専用 IQOSイルマワン保護ケース レザー ヒョウ柄 ペイズリー 保護カバー アイコスケース アクセサリー 送料無料","イルマiワン","89","X11","Y45",,"0","1","0","-1",
"2026/08/17 18:44:15","受注取込","7988248","7988248X11Y13","リュック メンズ レディース 防水 防災リュック 避難 スポーツ 軽量 リュックサック 32L ★REV 7988248 バックパック デイパック アウトドア キャンプ ジム 登山 散歩  送料無料","ONESIZE","レッド","X11","Y13",,"0","1","0","-1",
"2026/08/17 18:44:30","受注取込","7987076","7987076X11Y15","【超軽量55g】特価 キャップ 帽子 メッシュキャップ ランニングキャップ NEK ★REV 7987076 メンズ レディース 速乾 軽量 ジョギング アウトドア キャンプ スポーツ 釣り 海 プール","アジャスタータイプ","ベージュ","X11","Y15",,"0","23","22","-1",
"2026/08/17 18:50:19","受注取込","7987070","7987070X11Y11","【お得な2枚組】X-LARGE XLARGE エクストララージ ボクサーパンツ メンズ アンダーウェア 下着 NEK ★REVL 7987070 かっこいい ツルツル おすすめ 人気 カモフラ タイダイ 炎 迷彩 カモ柄 ブランド 男性 紳士 プレゼント プチギフト 父の日 誕生日 彼氏 父 息子 ギフト 記念日 大きいサイズ 福袋 送料無料","M","2枚組","X11","Y11",,"0","28","27","-1",
"2026/08/17 18:52:18","受注取込","7988215","7988215X14Y11","【とにかくデカい！】 大きいサイズ キャップ メッシュキャップ 送料無料 大きめ ビッグサイズ BIG SIZE ★REV 7988215 <br> 帽子 ハット キャップ ワークキャップ メンズキャップ 大きいサイズ バケット 大きい帽子 メンズ バケハ メンズ帽子 大きい 頭 メッシュ 全39カラー","DD","1","X14","Y11",,"0","51","50","-1",
"2026/08/17 18:56:15","受注取込","7987400","7987400X11Y13","【とにかくデカい！/普通サイズあり！】キャップ メンズ 大きいサイズ 帽子 深め ビッグサイズ ★REVM 7987400 BIG SIZE メンズキャップ帽子 大きめ 大きい帽子 メンズ帽子 レディース 春 夏 春夏 プレゼント ギフト 母の日 父の日 送料無料","大きいサイズ","C-グレー","X11","Y13",,"0","51","50","-1",
"2026/08/17 19:24:45","受注取込","7988044","7988044X11Y16","ショルダーバッグ メンズ ワンショルダー 斜め掛け ★REV 7988044 おしゃれバッグ Vintage 斜めがけ メンズボディバック かっこいい ボディバッグ レザー ワンショルダーバッグ カバン 鞄 かばん レザー調 メンズバッグ 斜めがけ メンズショルダーバック 散歩 送料無料","ONESIZE","F_ダークブラウン","X11","Y16",,"0","15","14","-1",
"2026/08/17 19:28:30","受注取込","8003102","8003102X17Y12","やみつきになる！ ストレッチ AVIREX アビレックス Tシャツ メンズ ★REV NEK 6143501 6143502 Vネック クルーネック 半袖 プレゼント ギフト","クルーネック_ブラック_009","Mサイズ","X17","Y12",,"0","1","0","-1",
"2026/08/17 19:28:46","受注取込","7986648","7986648X11Y11","【孔雀石】パワーストーン ブレスレット 孔雀石 マラカイト メンズ レディース NEK ★REVL 7986648 バングル スピリチュアル 天然石 エネルギーアクセサリー プレゼント ギフト 送料無料","ONESIZE","ブラック","X11","Y11",,"0","27","26","-1",
"2026/08/17 19:37:45","受注取込","7987093","7987093X11Y11","【新型iphone/IQOS対応】急速5A 3股 Type-C 充電ケーブル スマホケーブル 1.2m 2m 3m typec NEK ★REVL 7987093 新型iphone IQOS対応 USB A→Type-C×3 充電ケーブル 3in1 急速 送料無料","1.2m","ブラック_TypeA/TypeC×3","X11","Y11",,"0","31","30","-1",
"2026/08/17 19:40:20","受注取込","7987400","7987400X11Y26","【とにかくデカい！/普通サイズあり！】キャップ メンズ 大きいサイズ 帽子 深め ビッグサイズ ★REVM 7987400 BIG SIZE メンズキャップ帽子 大きめ 大きい帽子 メンズ帽子 レディース 春 夏 春夏 プレゼント ギフト 母の日 父の日 送料無料","大きいサイズ","P-ブラック","X11","Y26",,"0","56","55","-1",
"2026/08/17 19:49:15","受注取込","7992723","7992723X11Y11","お得！ 送料無料 4枚入り 福袋 Dickies ディッキーズ ボクサーパンツ メンズ かわいい NEK ★REV <br> パンツ ボクサーパンツ セット メンズ下着 メンズボクサーパンツ メンズボクサー 大きいサイズ 大きめ 特大 3L 下着 インナー メンズ usa まとめ買い プレゼント ギフト","M","福袋4枚セット","X11","Y11",,"0","115","114","-1",
"2026/08/17 19:49:15","受注取込","7987186","7987186X11Y12","アップルペンシル タッチペン タブレット ケース カバー Apple Pencil NEK ★REV 7987186 第1世代 第2世代 レザー ゴムバンド付き スタイラス ペン ケース アップル ペンシル iPad ペンホルダー 紛失防止 ipad ペンケース apple pencil case Apple Pencil 2nd generation","ONESIZE","ミント","X11","Y12",,"0","1","0","-1",
"2026/08/17 19:55:45","受注取込","7987794","7987794X11Y13","【大きいサイズもあり】キャスハンチング キャップ メンズ レディース CULTURE MART NEK 101294 ★REV 7987794 ハンチング帽子 ハンチング帽 秋冬 帽子 ハンチング キャスケット メンズ帽子 レディース帽子秋冬 秋冬帽子 メンズハンチング おしゃれ カルチャーマート","普通サイズ","ブラック(3)","X11","Y13",,"0","12","11","-1",
"2026/08/17 20:01:45","受注取込","7994812","7994812X11Y13","サファリハット メンズ 釣り 帽子 ハット レディース SUNS(サンズ)  撥水 アウトドア 登山 キャンプ バーベキュー NEK ★REV H-051 H-053 送料無料 大きいサイズあり キッズサイズ 子供 UVカット アドベンチャーハット 父の日 プレゼント ユニセックス 春 夏 夏フェス ギフト","普通サイズ","NAVY(H_051)","X11","Y13",,"0","50","49","-1",
"2026/08/17 20:01:45","受注取込","7994812","7994812X11Y27","サファリハット メンズ 釣り 帽子 ハット レディース SUNS(サンズ)  撥水 アウトドア 登山 キャンプ バーベキュー NEK ★REV H-051 H-053 送料無料 大きいサイズあり キッズサイズ 子供 UVカット アドベンチャーハット 父の日 プレゼント ユニセックス 春 夏 夏フェス ギフト","普通サイズ","CAMO(H_051)","X11","Y27",,"0","38","37","-1",
"2026/08/17 20:05:45","受注取込","7988248","7988248X11Y18","リュック メンズ レディース 防水 防災リュック 避難 スポーツ 軽量 リュックサック 32L ★REV 7988248 バックパック デイパック アウトドア キャンプ ジム 登山 散歩  送料無料","ONESIZE","ネイビー","X11","Y18",,"0","11","10","-1",
"2026/08/17 20:09:31","受注取込","7986558","7986558X11Y11"," 【高反発ハンドグリップボール】握力トレーニング 指先 前腕 強化 ストレス解消 ★REVL 7986558 ハンドエクササイズボール 送料無料","ONESIZE","ブラック","X11","Y11",,"0","7","6","-1",
"2026/08/17 20:11:32","受注取込","7987400","7987400X11Y11","【とにかくデカい！/普通サイズあり！】キャップ メンズ 大きいサイズ 帽子 深め ビッグサイズ ★REVM 7987400 BIG SIZE メンズキャップ帽子 大きめ 大きい帽子 メンズ帽子 レディース 春 夏 春夏 プレゼント ギフト 母の日 父の日 送料無料","大きいサイズ","A-ブラック","X11","Y11",,"0","51","50","-1",
"2026/08/17 20:14:31","受注取込","7987626","7987626X11Y11","【お得な5個セット】LEDライト キーホルダー 小型LEDライト NEK ★REV 7987626 キーライト 高輝度 5灯 LR44 ボタン電池 LTG 送料無料","ONESIZE","5本セット","X11","Y11",,"0","54","53","-1",
"2026/08/17 20:16:00","受注取込","7987345","7987345X14Y13","【とにかくデカい！】 大きいサイズ キャップ 送料無料 大きめ ビッグサイズ ★REV 7987345 BIG SIZE 帽子 ハット キャップ キャスケット メンズキャップ 大きいサイズ バケット 大きい帽子 メンズ メンズ帽子 大きい 頭 メッシュキャップ","DDD","3","X14","Y13",,"0","15","14","-1",
"2026/08/17 20:16:15","受注取込","7994812","7994812X12Y33","サファリハット メンズ 釣り 帽子 ハット レディース SUNS(サンズ)  撥水 アウトドア 登山 キャンプ バーベキュー NEK ★REV H-051 H-053 送料無料 大きいサイズあり キッズサイズ 子供 UVカット アドベンチャーハット 父の日 プレゼント ユニセックス 春 夏 夏フェス ギフト","大きいサイズ","GREIGE(H-051)","X12","Y33",,"0","59","58","-1",
"2026/08/17 20:16:15","受注取込","7994812","7994812X11Y33","サファリハット メンズ 釣り 帽子 ハット レディース SUNS(サンズ)  撥水 アウトドア 登山 キャンプ バーベキュー NEK ★REV H-051 H-053 送料無料 大きいサイズあり キッズサイズ 子供 UVカット アドベンチャーハット 父の日 プレゼント ユニセックス 春 夏 夏フェス ギフト","普通サイズ","GREIGE(H-051)","X11","Y33",,"0","17","16","-1",
"2026/08/17 20:16:15","受注取込","7994812","7994812X13Y21","サファリハット メンズ 釣り 帽子 ハット レディース SUNS(サンズ)  撥水 アウトドア 登山 キャンプ バーベキュー NEK ★REV H-051 H-053 送料無料 大きいサイズあり キッズサイズ 子供 UVカット アドベンチャーハット 父の日 プレゼント ユニセックス 春 夏 夏フェス ギフト","キッズサイズ","PINK(H_051)","X13","Y21",,"0","7","6","-1",
"2026/08/17 20:16:15","受注取込","7994812","7994812X12Y11","サファリハット メンズ 釣り 帽子 ハット レディース SUNS(サンズ)  撥水 アウトドア 登山 キャンプ バーベキュー NEK ★REV H-051 H-053 送料無料 大きいサイズあり キッズサイズ 子供 UVカット アドベンチャーハット 父の日 プレゼント ユニセックス 春 夏 夏フェス ギフト","大きいサイズ","BK/BLACK(H_051)","X12","Y11",,"0","267","266","-1",
"2026/08/17 20:20:26","受注取込","7997141","7997141X11Y11","特大 スイカ ドーナツ 浮き輪 浮輪 送料無料 プール 大人用 子供用 NEK 7997141 ★REV 120cm 90cm 80cm 70cm 60cm サイズ 大きい 大きめ うきわ ウキワ すいか 海 海水浴 ビックフロート 水上 レジャー かわいい フローティングベッド 西瓜 子供用浮き輪 大人 子供 こども","120cm","スイカ","X11","Y11",,"0","687","686","-1",
"2026/08/17 20:22:15","受注取込","7987400","7987400X11Y11","【とにかくデカい！/普通サイズあり！】キャップ メンズ 大きいサイズ 帽子 深め ビッグサイズ ★REVM 7987400 BIG SIZE メンズキャップ帽子 大きめ 大きい帽子 メンズ帽子 レディース 春 夏 春夏 プレゼント ギフト 母の日 父の日 送料無料","大きいサイズ","A-ブラック","X11","Y11",,"0","50","49","-1",
"2026/08/17 20:28:59","受注取込","7994702","7994702X11Y11","経年変化を楽しむ！日本製 本革 レザー 130cm 長め ベルト 7994702 メンズ レディース ヌメ革 総革 Artisan aging 送料無料 ナチュラル ギフトBOX付き プレゼント 180618 プレゼント ギフト","ONESIZE","ナチュラル","X11","Y11",,"0","66","65","-1",
"2026/08/17 20:30:30","受注取込","7994812","7994812X11Y33","サファリハット メンズ 釣り 帽子 ハット レディース SUNS(サンズ)  撥水 アウトドア 登山 キャンプ バーベキュー NEK ★REV H-051 H-053 送料無料 大きいサイズあり キッズサイズ 子供 UVカット アドベンチャーハット 父の日 プレゼント ユニセックス 春 夏 夏フェス ギフト","普通サイズ","GREIGE(H-051)","X11","Y33",,"0","16","15","-1",
"2026/08/17 20:47:42","受注取込","7988386","7988386X11Y16","【高輝度・省電力】LED 卓上 ライト 間接照明 おしゃれ テーブルランプ 北欧 ベッドライト ★REV 7988386 照明 ランプ 一人暮らし ナイトランプ ムードランプ インテリア 雑貨 スタンドライト フロアライト ベッドサイド ルームライト 寝室 usb 電気スタンド フロアランプ","ONESIZE","グリーン","X11","Y16",,"0","33","32","-1",
"2026/08/17 20:55:45","受注取込","7986693","7986693X11Y12","【健康な髪は地肌から】 シャンプーブラシ シャワーブラシ スカルプブラシ ★REV 7986693 レディース メンズ 頭皮マッサージブラシ  ヘッドスパブラシ お風呂 洗浄 ドライ＆ウェット両用 頭皮ケア 毛穴スッキリ 櫛 送料無料","ONESIZE","ホワイト","X11","Y12",,"0","20","19","-1",
"2026/08/17 21:07:15","受注取込","7987070","7987070X12Y11","【お得な2枚組】X-LARGE XLARGE エクストララージ ボクサーパンツ メンズ アンダーウェア 下着 NEK ★REVL 7987070 かっこいい ツルツル おすすめ 人気 カモフラ タイダイ 炎 迷彩 カモ柄 ブランド 男性 紳士 プレゼント プチギフト 父の日 誕生日 彼氏 父 息子 ギフト 記念日 大きいサイズ 福袋 送料無料","L","2枚組","X12","Y11",,"0","18","17","-1",
"2026/08/17 21:08:13","受注取込","7986850","7986850X11Y12","【耐滑底/おしゃれ】安全靴 スニーカー エアウォーク ミッドカット AIR WALK AW-940 AW-950 Y_YU ★REV 7986850 メンズ おしゃれ 耐滑底 樹脂先芯 ストレッチロック セーフティシューズ 作業靴 送料無料","25.0cm","AW-950_ホワイト","X11","Y12",,"0","138","137","-1",
"2026/08/17 21:10:11","受注取込","7987070","7987070X11Y11","【お得な2枚組】X-LARGE XLARGE エクストララージ ボクサーパンツ メンズ アンダーウェア 下着 NEK ★REVL 7987070 かっこいい ツルツル おすすめ 人気 カモフラ タイダイ 炎 迷彩 カモ柄 ブランド 男性 紳士 プレゼント プチギフト 父の日 誕生日 彼氏 父 息子 ギフト 記念日 大きいサイズ 福袋 送料無料","M","2枚組","X11","Y11",,"0","27","26","-1",
"2026/08/17 21:24:15","受注取込","7994812","7994812X12Y13","サファリハット メンズ 釣り 帽子 ハット レディース SUNS(サンズ)  撥水 アウトドア 登山 キャンプ バーベキュー NEK ★REV H-051 H-053 送料無料 大きいサイズあり キッズサイズ 子供 UVカット アドベンチャーハット 父の日 プレゼント ユニセックス 春 夏 夏フェス ギフト","大きいサイズ","NAVY(H_051)","X12","Y13",,"0","55","54","-1",
"2026/08/17 21:30:45","受注取込","7987662","7987662X11Y12","【大きくルーズにかぶれる】大きいサイズ ニット帽 ニットキャップ 帽子 メンズ レディース NEK ★REV 7987662 ワッチキャップ プレゼント ギフト 母の日 父の日 プレゼント 誕生日 クリスマス 秋冬 防寒 おしゃれ 無地 送料無料","ONESIZE","オフホワイト","X11","Y12",,"0","260","259","-1",
"2026/08/17 21:30:45","受注取込","7987662","7987662X11Y11","【大きくルーズにかぶれる】大きいサイズ ニット帽 ニットキャップ 帽子 メンズ レディース NEK ★REV 7987662 ワッチキャップ プレゼント ギフト 母の日 父の日 プレゼント 誕生日 クリスマス 秋冬 防寒 おしゃれ 無地 送料無料","ONESIZE","レンガ ","X11","Y11",,"0","80","79","-1",
"2026/08/17 21:30:45","受注取込","7987475","7987475X11Y15","【防犯】護身用 タクティカルスティック 防災グッズ 熊対策グッズ クマ対策 タクティカルペン キーホルダー 女性 キーリング NEK ★REVM 7987475 棒 車 ガラス 防災 災害 車内 軽量 不審者 痴漢 痴漢対策 武器 護身グッズ 自己防衛 コンパクト 非常時 バッググリップ","ONESIZE","ピンク","X11","Y15",,"0","46","45","-1",
"2026/08/17 21:32:32","受注取込","7992054","7992054X11Y19","【シンプル/おしゃれ】16mm パワーストーン ネックレス メンズ レディース 瑪瑙 オブシディアン タイガーアイ NEK ★REV 7992054 黒曜石 茶水晶 虎目石 金運 財運 仕事運 恋愛 結婚 家庭円満 癒し 幸運 成功運 勝負運 家族運 厄除祈願 天然石 お守り プレゼント 送料無料","ONESIZE","【I】ブルータイガーアイ","X11","Y19",,"0","20","19","-1",
"2026/08/17 21:33:15","受注取込","7986545","7986545X11Y11","【お得な2枚組】AVIREX アビレックス  アヴィレックス ボクサーパンツ メンズ NEK ★REVL 7986545 アンダーウェア 下着 かっこいい おすすめ 人気 カモフラ 迷彩 カモ柄 ロゴ ブランド 男性 紳士 プレゼント プチギフト 父の日 誕生日 彼氏 父 息子 ギフト 記念日 福袋 送料無料","M","2枚組","X11","Y11",,"0","101","100","-1",
"2026/08/17 21:34:50","受注取込","7994812","7994812X11Y12","サファリハット メンズ 釣り 帽子 ハット レディース SUNS(サンズ)  撥水 アウトドア 登山 キャンプ バーベキュー NEK ★REV H-051 H-053 送料無料 大きいサイズあり キッズサイズ 子供 UVカット アドベンチャーハット 父の日 プレゼント ユニセックス 春 夏 夏フェス ギフト","普通サイズ","BLACK(H_051)","X11","Y12",,"0","79","78","-1",
"2026/08/17 21:48:15","受注取込","7992723","7992723X12Y11","お得！ 送料無料 4枚入り 福袋 Dickies ディッキーズ ボクサーパンツ メンズ かわいい NEK ★REV <br> パンツ ボクサーパンツ セット メンズ下着 メンズボクサーパンツ メンズボクサー 大きいサイズ 大きめ 特大 3L 下着 インナー メンズ usa まとめ買い プレゼント ギフト","L","福袋4枚セット","X12","Y11",,"0","240","239","-1",
"2026/08/17 21:50:15","受注取込","7988215","7988215X18Y12","【とにかくデカい！】 大きいサイズ キャップ メッシュキャップ 送料無料 大きめ ビッグサイズ BIG SIZE ★REV 7988215 <br> 帽子 ハット キャップ ワークキャップ メンズキャップ 大きいサイズ バケット 大きい帽子 メンズ バケハ メンズ帽子 大きい 頭 メッシュ 全39カラー","HH","2","X18","Y12",,"0","26","25","-1",
"2026/08/17 21:52:15","受注取込","7986572","7986572X11Y38","【新型/IQOS イルマ i ワン用】アイコス イルマiワン ILUMA ケース 保護ケース NEK ★REVL 7986572 iqosイルマワン イルマワンカバー 耐衝撃 おしゃれ iqos iluma one 専用 IQOSイルマワン保護ケース レザー ヒョウ柄 ペイズリー 保護カバー アイコスケース アクセサリー 送料無料","イルマiワン","82","X11","Y38",,"0","6","5","-1",
"2026/08/17 21:56:45","受注取込","7997141","7997141X14Y11","特大 スイカ ドーナツ 浮き輪 浮輪 送料無料 プール 大人用 子供用 NEK 7997141 ★REV 120cm 90cm 80cm 70cm 60cm サイズ 大きい 大きめ うきわ ウキワ すいか 海 海水浴 ビックフロート 水上 レジャー かわいい フローティングベッド 西瓜 子供用浮き輪 大人 子供 こども","70cm","スイカ","X14","Y11",,"0","76","75","-1",
"2026/08/17 21:56:45","受注取込","7997141","7997141X11Y11","特大 スイカ ドーナツ 浮き輪 浮輪 送料無料 プール 大人用 子供用 NEK 7997141 ★REV 120cm 90cm 80cm 70cm 60cm サイズ 大きい 大きめ うきわ ウキワ すいか 海 海水浴 ビックフロート 水上 レジャー かわいい フローティングベッド 西瓜 子供用浮き輪 大人 子供 こども","120cm","スイカ","X11","Y11",,"0","686","685","-1",
"2026/08/17 21:59:45","受注取込","7986722","7986722X11Y11","【本革仕様】パワーグリップ 筋トレグローブ トレーニンググローブ リストラップ 本革 NEK ★REVL 7986722 本皮 ジム トレーニング デッドリフト ベンチプレス 手袋 グローブ 握力補助 ラットプルダウン 筋トレ バーベル 懸垂 左右セット ウェイトリフティング 滑り止め加工 送料無料","ONESIZE","ブラウン","X11","Y11",,"0","23","22","-1",
"2026/08/17 22:02:15","受注取込","7986677","7986677X11Y21","【深め/美シルエット】Vintage ダメージ加工 メッシュキャップ キャップ 帽子 メンズ レディース ★REVL 7986677 野球帽 ウォッシュ加工 A-Frame Trucker アメカジ 無地 おしゃれ 送料無料","ONESIZE","ホワイト","X11","Y21",,"0","17","16","-1",
"2026/08/17 22:05:00","受注取込","7988215","7988215X16Y15","【とにかくデカい！】 大きいサイズ キャップ メッシュキャップ 送料無料 大きめ ビッグサイズ BIG SIZE ★REV 7988215 <br> 帽子 ハット キャップ ワークキャップ メンズキャップ 大きいサイズ バケット 大きい帽子 メンズ バケハ メンズ帽子 大きい 頭 メッシュ 全39カラー","FF","5","X16","Y15",,"0","134","133","-1",
"2026/08/17 22:10:04","受注取込","7988044","7988044X11Y18","ショルダーバッグ メンズ ワンショルダー 斜め掛け ★REV 7988044 おしゃれバッグ Vintage 斜めがけ メンズボディバック かっこいい ボディバッグ レザー ワンショルダーバッグ カバン 鞄 かばん レザー調 メンズバッグ 斜めがけ メンズショルダーバック 散歩 送料無料","ONESIZE","H_ダークブラウン","X11","Y18",,"0","24","23","-1",
"2026/08/17 22:13:45","受注取込","7987400","7987400X11Y15","【とにかくデカい！/普通サイズあり！】キャップ メンズ 大きいサイズ 帽子 深め ビッグサイズ ★REVM 7987400 BIG SIZE メンズキャップ帽子 大きめ 大きい帽子 メンズ帽子 レディース 春 夏 春夏 プレゼント ギフト 母の日 父の日 送料無料","大きいサイズ","E-ベージュ","X11","Y15",,"0","67","66","-1",
"2026/08/17 22:16:15","受注取込","7987400","7987400X11Y11","【とにかくデカい！/普通サイズあり！】キャップ メンズ 大きいサイズ 帽子 深め ビッグサイズ ★REVM 7987400 BIG SIZE メンズキャップ帽子 大きめ 大きい帽子 メンズ帽子 レディース 春 夏 春夏 プレゼント ギフト 母の日 父の日 送料無料","大きいサイズ","A-ブラック","X11","Y11",,"0","49","48","-1",
"2026/08/17 22:35:30","受注取込","7987678","7987678X12Y16","【洗濯可能】トレーニンググローブ 手袋 筋トレ 筋トレグローブ メンズ レディース 指無し NEK ★REV 7987678 ウェイトリフティング 防滑 クッション性 伸びる 洗濯OK バーベル サイクリング ヨガ グリップ","M","B-ピンク","X12","Y16",,"0","8","7","-1",
"2026/08/17 22:35:30","受注取込","7987678","7987678X12Y14","【洗濯可能】トレーニンググローブ 手袋 筋トレ 筋トレグローブ メンズ レディース 指無し NEK ★REV 7987678 ウェイトリフティング 防滑 クッション性 伸びる 洗濯OK バーベル サイクリング ヨガ グリップ","M","B-ブラック","X12","Y14",,"0","20","19","-1",
"2026/08/17 22:38:15","受注取込","7987469","7987469X11Y11","【3個セット】指輪 メンズ レディース リング アクセサリー NEK ★REV 7987469 ファランジリング フリーサイズ ピンキー ブラックマット 半端リング コーティング 3点セット お得 3連 シンプル 送料無料","3点セット","ブラック","X11","Y11",,"0","6","5","-1",
"2026/08/17 22:38:15","受注取込","7986768","7986768X11Y11","【衝撃吸収・低反発】シートクッション カークッション 車 座布団 腰痛 運転席 ★REV 7986768 お尻が痛くならない 腰痛クッション 椅子 腰 姿勢 シート 人気 おすすめ 座席 低反発 ブラック オフィスチェア 背もたれ おしゃれ 運転席 カーアクセサリー 送料無料","ONESIZE","ブラック","X11","Y11",,"0","32","31","-1",
"2026/08/17 22:47:15","受注取込","7986572","7986572X11Y44","【新型/IQOS イルマ i ワン用】アイコス イルマiワン ILUMA ケース 保護ケース NEK ★REVL 7986572 iqosイルマワン イルマワンカバー 耐衝撃 おしゃれ iqos iluma one 専用 IQOSイルマワン保護ケース レザー ヒョウ柄 ペイズリー 保護カバー アイコスケース アクセサリー 送料無料","イルマiワン","88","X11","Y44",,"0","6","5","-1",
"2026/08/17 22:56:15","受注取込","7986532","7986532X11Y16","【新型/IQOS イルマ i ワン用】アイコス イルマiワン ILUMA ケース 保護ケース NEK ★REVL 7986532 iqosイルマワン イルマワンカバー 耐衝撃 おしゃれ iqos iluma one 専用 IQOSイルマワン保護ケース レザー 保護カバー アイコスケース アクセサリー 送料無料","ONESIZE","ブラック","X11","Y16",,"0","22","21","-1",
"2026/08/17 22:59:00","受注取込","7987085","7987085X11Y21","【とにかくデカい！】大きいサイズ キャップ 大きめ 深い 深め ビッグサイズ BIG SIZE ★REV 7987085 メンズキャップ帽子 大きい帽子 メンズ帽子 レディース 春 夏 春夏 プレゼント ギフト 母の日 父の日 送料無料","YA","11","X11","Y21",,"0","19","18","-1",
"2026/08/17 23:02:15","受注取込","7998075","7998075X12Y13","他店圧倒価格♪最安値に挑戦！ 1点までメール便送料無料 ワッチキャップ ニット帽子 ニットキャップ 7998075 【MB】【ALI】■05161126【wow未販売】 sg追加200125 sg追加200125","大きいサイズ(～65cm)","ブラウン杢","X12","Y13",,"0","83","82","-1",
"2026/08/17 23:02:15","受注取込","7998075","7998075X12Y14","他店圧倒価格♪最安値に挑戦！ 1点までメール便送料無料 ワッチキャップ ニット帽子 ニットキャップ 7998075 【MB】【ALI】■05161126【wow未販売】 sg追加200125 sg追加200125","大きいサイズ(～65cm)","ネイビー","X12","Y14",,"0","69","68","-1",
"2026/08/17 23:02:15","受注取込","7998075","7998075X12Y12","他店圧倒価格♪最安値に挑戦！ 1点までメール便送料無料 ワッチキャップ ニット帽子 ニットキャップ 7998075 【MB】【ALI】■05161126【wow未販売】 sg追加200125 sg追加200125","大きいサイズ(～65cm)","グレー杢","X12","Y12",,"0","39","38","-1",
"2026/08/17 23:04:15","受注取込","7990407","7990407X11Y11","ミニ財布 極小財布 本革 レザー 二つ折り財布 小さい財布 カード収納 定期入れ メンズ レディース 小銭入れ プレゼント 革 サイフ 小銭入れ付き 送料無料 ★REV NEK 7990407 プレゼント ギフト","ONESIZE","ブラック","X11","Y11",,"0","3","2","-1",
"2026/08/17 23:11:45","受注取込","7988452","7988452X11Y13","【日本製 姫路レザー】日本製 ベルト メンズ 本革 本皮 ★REV SRI-07 3.9cm幅 一枚革 ヌメ革 姫路レザー ビジネス カジュアル 送料無料","ONESIZE","ブラウン","X11","Y13",,"0","2","1","-1",
"2026/08/17 23:17:31","受注取込","8009841","8009841X14Y12","リング 指輪 メンズ レディース チタン アクセサリー 梵字 シンプル NEK ★REV 7987947 8009841 指輪 六字真言 心経 麻雀牌 ユニセックス シルバー ブラック ローマ数字 トライバル 十字架 送料無料","21号(海外表記10)","B","X14","Y12",,"0","3","2","-1",
"2026/08/17 23:27:01","受注取込","7988208","7988208X11Y13","【旅行にピッタリ】ボストンバッグ ボストン メンズ レディース ★REV 7988208 小旅行 大容量 2泊 大きい ゴルフ ビジネス 出張 修学旅行 収納ポケット多数 シンプル 送料無料","ONESIZE","グレー","X11","Y13",,"0","24","23","-1",
"2026/08/17 23:37:00","受注取込","7986572","7986572X11Y44","【新型/IQOS イルマ i ワン用】アイコス イルマiワン ILUMA ケース 保護ケース NEK ★REVL 7986572 iqosイルマワン イルマワンカバー 耐衝撃 おしゃれ iqos iluma one 専用 IQOSイルマワン保護ケース レザー ヒョウ柄 ペイズリー 保護カバー アイコスケース アクセサリー 送料無料","イルマiワン","88","X11","Y44",,"0","5","4","-1",
"2026/08/17 23:43:01","受注取込","7987085","7987085X11Y22","【とにかくデカい！】大きいサイズ キャップ 大きめ 深い 深め ビッグサイズ BIG SIZE ★REV 7987085 メンズキャップ帽子 大きい帽子 メンズ帽子 レディース 春 夏 春夏 プレゼント ギフト 母の日 父の日 送料無料","YA","12","X11","Y22",,"0","8","7","-1",
"2026/08/17 23:45:45","受注取込","7987076","7987076X11Y14","【超軽量55g】特価 キャップ 帽子 メッシュキャップ ランニングキャップ NEK ★REV 7987076 メンズ レディース 速乾 軽量 ジョギング アウトドア キャンプ スポーツ 釣り 海 プール","アジャスタータイプ","ライトグレー","X11","Y14",,"0","6","5","-1",
"2026/08/17 23:45:45","受注取込","7988215","7988215X16Y15","【とにかくデカい！】 大きいサイズ キャップ メッシュキャップ 送料無料 大きめ ビッグサイズ BIG SIZE ★REV 7988215 <br> 帽子 ハット キャップ ワークキャップ メンズキャップ 大きいサイズ バケット 大きい帽子 メンズ バケハ メンズ帽子 大きい 頭 メッシュ 全39カラー","FF","5","X16","Y15",,"0","133","132","-1",
"2026/08/17 23:48:46","受注取込","7986467","7986467X11Y13","【スタイルに合わせて使える2WAY仕様】ゴムベルト レディース 伸縮 ストライプ ACRHT042 NEK 7986467 2cm幅 フック式 ベルトループ対応 ウエストマーク 選べる4カラー","ONESIZE","ブラウン","X11","Y13",,"0","96","95","-1",
"2026/08/17 23:50:14","受注取込","7987070","7987070X13Y11","【お得な2枚組】X-LARGE XLARGE エクストララージ ボクサーパンツ メンズ アンダーウェア 下着 NEK ★REVL 7987070 かっこいい ツルツル おすすめ 人気 カモフラ タイダイ 炎 迷彩 カモ柄 ブランド 男性 紳士 プレゼント プチギフト 父の日 誕生日 彼氏 父 息子 ギフト 記念日 大きいサイズ 福袋 送料無料","XL","2枚組","X13","Y11",,"0","21","20","-1",
"2026/08/17 23:51:15","受注取込","7986799","7986799X11Y11","【なんと！5股/データー転送OK】type-c ケーブル 新型iphone/IQOS対応 充電ケーブル NEK ★REVL 7986799 スマホケーブル 1.5m USB A→Type-C×3 充電ケーブル 5in1 急速 スマホ アクセサリー送料無料","ONESIZE","ブラック","X11","Y11",,"0","8","7","-1",
"2026/08/17 23:55:45","受注取込","7986799","7986799X11Y11","【なんと！5股/データー転送OK】type-c ケーブル 新型iphone/IQOS対応 充電ケーブル NEK ★REVL 7986799 スマホケーブル 1.5m USB A→Type-C×3 充電ケーブル 5in1 急速 スマホ アクセサリー送料無料","ONESIZE","ブラック","X11","Y11",,"0","7","6","-1",
