CS•i”Ô,SKU,
A726001920001,7986475X11Y11,
A726001910001,7986476X11Y11,
A726001910002,7986476X11Y12,
A726001910003,7986476X11Y13,
A726001910004,7986476X11Y14,
A726001910005,7986476X11Y15,
A726001910006,7986476X11Y16,
A726001910007,7986476X11Y17,
A726001910008,7986476X11Y18,
A726001930001,7986478X11Y11,
A726001820001,7986479X11Y11,
A726001870001,7986480X11Y11,
A726001870002,7986480X11Y12,
A726001870003,7986480X11Y13,
A726001870004,7986480X11Y14,
A726001860001,7986481X11Y11,
A726001860002,7986481X11Y12,
A726001860003,7986481X11Y13,
A726001860004,7986481X11Y14,
A726001700001,7986483X11Y11,
A726001700002,7986483X11Y12,
A726001700003,7986483X11Y13,
A726001740001,7986501X11Y11,
A726001740002,7986501X12Y11,
A726001740003,7986501X13Y11,
A726001590001,7986502X11Y11,
A726001590002,7986502X11Y12,
A726001590003,7986502X11Y13,
A726001590004,7986502X11Y14,
A726001590005,7986502X11Y15,
A726001650001,7986503X11Y11,
A726001600001,7986504X11Y11,
A726001600002,7986504X12Y11,
A726001600003,7986504X13Y11,
A726001600004,7986504X11Y12,
A726001600005,7986504X12Y12,
A726001600006,7986504X13Y12,
A726001730001,7986505X11Y11,
A726001730002,7986505X11Y12,
A726001730003,7986505X11Y13,
A726001730004,7986505X11Y14,
A726001640001,7986506X11Y11,
A726001620001,7986507X11Y11,
A726001470001,7986509X11Y11,
A726001470002,7986509X11Y12,
A726001470003,7986509X11Y13,
A726001470004,7986509X11Y14,
A726001470005,7986509X11Y15,
A726001470006,7986509X11Y16,
A726001410001,7986510X11Y11,
A726001410002,7986510X11Y12,
A726001410003,7986510X11Y13,
A726001410004,7986510X11Y14,
A726001410005,7986510X11Y15,
A726001410006,7986510X11Y16,
A726001940001,7986511X11Y11,
A726001940002,7986511X11Y12,
A726001940003,7986511X11Y13,
A726001940004,7986511X11Y14,
A726001940005,7986511X11Y15,
A726001940006,7986511X11Y16,
A726001370001,7986512X11Y11,
A726001370002,7986512X11Y12,
A726001340001,7986513X11Y11,
A726001340002,7986513X11Y12,
A726001340003,7986513X11Y13,
A726001340004,7986513X11Y14,
A726001340005,7986513X11Y15,
A726001340006,7986513X11Y16,
A726001340007,7986513X11Y17,
A726001340008,7986513X11Y18,
A726001360001,7986514X11Y11,
A726001360002,7986514X11Y12,
A726001320001,7986515X11Y11,
A726001320002,7986515X11Y12,
A726001320003,7986515X11Y13,
A726001320004,7986515X11Y14,
A726001330001,7986516X11Y11,
A726001330002,7986516X11Y12,
A726001880001,7986518X11Y11,
A726001520001,7986519X11Y11,
A726001770001,7986520X11Y11,
A726001770002,7986520X11Y12,
A726001250001,7986521X11Y11,
A726001250002,7986521X11Y12,
A726001250003,7986521X11Y13,
A726001250004,7986521X11Y14,
A726001210001,7986524X11Y11,
A726001210002,7986524X11Y12,
A726001210003,7986524X11Y13,
A726001210004,7986524X11Y14,
A726001210005,7986524X11Y15,
A726001210006,7986524X11Y16,
A726001210007,7986524X11Y17,
A726001080001,7986527X11Y11,
A726001080002,7986527X12Y11,
A726001080003,7986527X13Y11,
A726001080004,7986527X14Y11,
A726001080005,7986527X11Y12,
A726001080006,7986527X12Y12,
A726001080007,7986527X13Y12,
A726001080008,7986527X14Y12,
A726000910001,7986529X11Y11,
A726001200001,7986530X11Y11,
A726001200002,7986530X11Y12,
A726001200003,7986530X11Y13,
A726001200004,7986530X11Y14,
A726001200005,7986530X11Y15,
A726001200006,7986530X11Y16,
A726001200007,7986530X11Y17,
A726001200008,7986530X11Y18,
A726000890001,7986533X11Y11,
A726000890002,7986533X11Y12,
A726000890003,7986533X11Y13,
A726000890004,7986533X11Y14,
A726000890005,7986533X11Y15,
A726000890006,7986533X11Y16,
A726000630001,7986538X11Y11,
A726000630002,7986538X11Y12,
A726000630003,7986538X11Y13,
A726000630004,7986538X11Y14,
A726000630005,7986538X11Y15,
A726000630006,7986538X11Y16,
A726000660001,7986539X11Y11,
A726000660002,7986539X11Y12,
A726000660003,7986539X11Y13,
A726000660004,7986539X11Y14,
A726000660005,7986539X11Y15,
A726000820001,7986540X11Y11,
A726000820002,7986540X12Y11,
A726000820003,7986540X13Y11,
A726000820004,7986540X14Y11,
A726001560001,7986541X11Y11,
A726001510001,7986542X11Y11,
A726001510002,7986542X11Y12,
A726001510003,7986542X11Y13,
A726001510004,7986542X11Y14,
A726001510005,7986542X11Y15,
A726001510006,7986542X11Y16,
A726001350001,7986546X11Y11,
A726001350002,7986546X11Y12,
A726001350003,7986546X11Y13,
A726000390001,7986547X11Y11,
A726000390002,7986547X11Y11,
A726001540001,7986548X11Y11,
A726001270001,7986549X11Y11,
A726001270002,7986549X11Y12,
A726001270003,7986549X11Y13,
A726001270004,7986549X11Y14,
A726001270005,7986549X11Y15,
A726000490001,7986551X11Y11,
A726000490002,7986551X11Y12,
A726000490003,7986551X11Y13,
A726000480002,7986552X11Y11,
A726000480003,7986552X11Y12,
A726000480004,7986552X11Y13,
A726000480005,7986552X11Y15,
A726000290001,7986553X11Y11,
A726000290002,7986553X11Y12,
A726000290003,7986553X11Y13,
A726000290004,7986553X11Y14,
A726000290005,7986553X11Y15,
A726000290006,7986553X11Y16,
A726000290007,7986553X11Y17,
A726000290008,7986553X11Y18,
A726000290009,7986553X11Y19,
A726000290010,7986553X11Y20,
A726001500001,7986554X11Y11,
A726001580001,7986555X11Y11,
A726001580002,7986555X11Y12,
A726001580003,7986555X11Y13,
A726001570001,7986556X11Y11,
A726000380001,7986562X11Y11,
A726000380002,7986562X11Y12,
A726000380003,7986562X11Y13,
A726000380004,7986562X11Y14,
A726000380005,7986562X11Y15,
A726000380006,7986562X11Y16,
A726000380007,7986562X11Y17,
A726000380008,7986562X11Y18,
A726000380009,7986562X11Y19,
A726000380010,7986562X11Y20,
A726000380011,7986562X11Y21,
A726000380012,7986562X11Y22,
A726000380013,7986562X11Y23,
A726000380014,7986562X11Y24,
A726000350001,7986563X11Y11,
A726000350002,7986563X11Y12,
A726000350003,7986563X11Y13,
A726000120001,7986564X11Y11,
A726000120002,7986564X11Y12,
A726000120003,7986564X11Y13,
A726000120004,7986564X11Y14,
A726000120005,7986564X11Y15,
A726000120006,7986564X11Y16,
A726001780001,7986567X11Y11,
A726000880001,7986568X11Y11,
A726000580001,7986569X11Y11,
A726000580002,7986569X11Y12,
A726000580003,7986569X11Y13,
A726000580004,7986569X11Y14,
A726000580005,7986569X11Y15,
A726000580006,7986569X11Y16,
A726000580007,7986569X11Y17,
A726000580008,7986569X11Y18,
A726000580009,7986569X11Y19,
A726000580010,7986569X11Y20,
A726000580011,7986569X11Y21,
A726000580012,7986569X11Y22,
A726000580013,7986569X11Y23,
A726000260001,7986572X11Y11,
A726000260002,7986572X11Y12,
A726000260003,7986572X11Y13,
A726000260004,7986572X11Y14,
A726000260005,7986572X11Y15,
A726000260006,7986572X11Y16,
A726000260007,7986572X11Y17,
A726000260008,7986572X11Y18,
A726000260009,7986572X11Y19,
A726000260010,7986572X11Y20,
A726000260011,7986572X11Y21,
A726000260012,7986572X11Y22,
A726000260013,7986572X11Y23,
A726000260014,7986572X11Y24,
A726000260015,7986572X11Y25,
A726000260016,7986572X11Y26,
A726000260017,7986572X11Y27,
A726000260018,7986572X11Y28,
A726000260019,7986572X11Y29,
A726000260020,7986572X11Y30,
A726000260021,7986572X11Y31,
A726000260022,7986572X11Y32,
A726000260023,7986572X11Y33,
A726000260024,7986572X11Y34,
A726000260025,7986572X11Y35,
A726000260026,7986572X11Y36,
A726000260027,7986572X11Y37,
A726000260028,7986572X11Y38,
A726000260029,7986572X11Y39,
A726000260030,7986572X11Y40,
A726000260031,7986572X11Y41,
A726000260032,7986572X11Y46,
A726000260033,7986572X11Y47,
A726000260034,7986572X11Y48,
A726000260035,7986572X11Y49,
A726000270001,7986573X11Y11,
A726000270002,7986573X11Y12,
A726000110001,7986574X11Y11,
A726000110002,7986574X11Y12,
A726000280001,7986575X11Y11,
A726000140001,7986576X11Y11,
A726000150001,7986577X11Y11,
A726000370001,7986593X11Y11,
A726000370002,7986593X11Y12,
A726000370003,7986593X11Y13,
A726000370004,7986593X11Y14,
A726000370005,7986593X11Y15,
A726000010001,7986594X11Y11,
A726001720001,7986597X11Y11,
A726000160001,7986623X11Y11,
A726000160002,7986623X11Y12,
A726000160003,7986623X11Y13,
A726000170001,7986624X11Y11,
A726000620001,7986639X11Y11,
A726001790001,7986641X11Y11,
A726001800001,7986642X11Y11,
A726001800002,7986642X11Y12,
A726000520001,7986651X11Y11,
A726001020001,7986652X11Y11,
A726001020002,7986652X11Y12,
A726001020003,7986652X11Y13,
A726001380001,7986655X11Y11,
A726001390001,7986657X11Y11,
A726000340001,7986659X11Y11,
A726001400001,7986662X11Y11,
A726000670001,7986665X11Y11,
A726000670002,7986665X11Y12,
A726001430001,7986667X11Y11,
A726001430002,7986667X11Y12,
A726000680001,7986669X11Y11,
A726000680002,7986669X11Y12,
A726000680003,7986669X11Y13,
A726000680004,7986669X11Y14,
A726000680005,7986669X11Y15,
A726000680006,7986669X11Y16,
A726000680007,7986669X11Y17,
A726000680008,7986669X11Y18,
A726001160001,7986670X11Y11,
A726001160002,7986670X11Y12,
A726001490001,7986673X11Y11,
A726001420001,7986675X11Y11,
A726001420002,7986675X11Y12,
A726001420003,7986675X11Y13,
A726001420004,7986675X11Y14,
A726001420005,7986675X11Y15,
A726001420006,7986675X11Y16,
A726001420007,7986675X11Y17,
A726001420008,7986675X11Y18,
A726001420009,7986675X11Y19,
A726001420010,7986675X11Y20,
A726001060001,7986676X11Y11,
A726001060002,7986676X11Y12,
A726001060003,7986676X11Y13,
A726001060004,7986676X11Y14,
A726001060005,7986676X11Y15,
A726001060006,7986676X11Y16,
A726000930001,7986679X11Y11,
A726000930002,7986679X11Y12,
A726000930003,7986679X11Y13,
A726000930004,7986679X11Y14,
A726000930005,7986679X11Y15,
A726001550001,7986681X11Y11,
A726001550002,7986681X11Y12,
A726001550003,7986681X11Y13,
A726001550004,7986681X11Y14,
A726001810001,7986694X11Y11,
A726001810002,7986694X11Y12,
A726000590001,7986696X11Y11,
A726000590002,7986696X11Y12,
A726000590003,7986696X11Y13,
A726000920001,7986705X11Y11,
A726000920002,7986705X11Y12,
A726000240001,7986706X11Y11,
A726000240003,7986706X12Y11,
A726000240002,7986706X11Y12,
A726000240004,7986706X12Y12,
A726000850001,7986710X11Y11,
A726000850002,7986710X11Y12,
A726000850003,7986710X11Y13,
A726000850004,7986710X11Y14,
A726000850005,7986710X11Y15,
A726000850006,7986710X11Y16,
A726000850007,7986710X11Y17,
A726000850008,7986710X11Y18,
A726000850009,7986710X11Y19,
A726000850010,7986710X11Y20,
A726000850011,7986710X11Y21,
A726000900001,7986721X11Y11,
A726000900002,7986721X11Y12,
A726000900003,7986721X11Y13,
A726000900004,7986721X11Y14,
A726000900005,7986721X11Y15,
A726000900006,7986721X11Y16,
A726000900007,7986721X11Y17,
A726000900008,7986721X11Y18,
A726001130001,7986747X11Y11,
A726001130002,7986747X12Y11,
A726000650001,7986749X11Y11,
A726000650002,7986749X11Y12,
A726000650003,7986749X11Y13,
A726000650004,7986749X11Y14,
A726000530001,7986753X11Y11,
A726000530002,7986753X11Y12,
A726000530003,7986753X11Y13,
A726000730001,7986778X11Y11,
A726000730002,7986778X12Y11,
A726000190001,7986779X12Y11,
A726000180001,7986779X11Y11,
A726000560001,7986780X11Y11,
A726000560002,7986780X11Y12,
A726000560003,7986780X11Y13,
A726000560004,7986780X11Y14,
A726000560005,7986780X11Y15,
A726000560006,7986780X11Y16,
A726000560007,7986780X11Y17,
A726001230001,7986781X13Y11,
A726001230002,7986781X13Y12,
A726001220003,7986781X12Y11,
A726001220001,7986781X11Y11,
A726001220004,7986781X12Y12,
A726001220002,7986781X11Y12,
A726000320001,7986782X11Y11,
A726000320002,7986782X11Y12,
A726000320003,7986782X12Y11,
A726000320004,7986782X12Y12,
A726000320005,7986782X13Y11,
A726000320006,7986782X13Y12,
A726000320007,7986782X14Y11,
A726000320008,7986782X14Y12,
A726000570003,7986783X11Y11,
A726000570004,7986783X11Y12,
A726000570005,7986783X11Y13,
A726000570006,7986783X11Y14,
A726000570007,7986783X11Y15,
A726000570008,7986783X11Y16,
A726000570009,7986783X11Y19,
A726000570010,7986783X11Y20,
A726000570011,7986783X11Y21,
A726000570012,7986783X11Y22,
A726000570013,7986783X11Y23,
A726001300001,7986797X11Y11,
A726000210001,7986798X11Y11,
A726000210002,7986798X11Y12,
A726000210003,7986798X11Y13,
A726000210004,7986798X11Y14,
A726000210005,7986798X11Y15,
A726001280001,7986801X11Y11,
A726001280002,7986801X11Y12,
A726001280003,7986801X11Y13,
A726001280004,7986801X11Y14,
A726001280005,7986801X11Y15,
A726001280006,7986801X11Y16,
A726000700001,7986821X11Y11,
A726000700002,7986821X11Y12,
A726000700003,7986821X11Y13,
A726000700004,7986821X11Y14,
A726000700005,7986821X11Y15,
A726000700006,7986821X11Y16,
A726001610001,7986822X11Y11,
A726001610002,7986822X11Y12,
A726001610003,7986822X11Y13,
A726001610004,7986822X11Y16,
A726001610005,7986822X11Y17,
A726001760001,7986849X11Y11,
A726001760002,7986849X11Y12,
A726001760003,7986849X11Y13,
A726001760004,7986849X11Y14,
A726001760005,7986849X11Y15,
A726001170001,7986970X11Y11,
A726000950001,7986988X11Y11,
A726000950002,7986988X11Y12,
A726000950003,7986988X11Y13,
A726000950004,7986988X11Y14,
A726001660001,7986989X11Y11,
A726001660002,7986989X11Y12,
A726001660003,7986989X11Y13,
A726001660004,7986989X11Y14,
A726001660005,7986989X11Y15,
A726001660006,7986989X11Y16,
A726001660007,7986989X11Y17,
A726001660008,7986989X11Y18,
A726001660009,7986989X11Y19,
A726001660010,7986989X11Y20,
A726001660011,7986989X11Y21,
A726001660012,7986989X11Y22,
A726001660013,7986989X11Y23,
A726001660014,7986989X11Y24,
A726001660015,7986989X11Y25,
A726001660016,7986989X11Y26,
A726000540001,7987002X11Y11,
A726000540002,7987002X11Y12,
A726000540003,7987002X11Y13,
A726000540004,7987002X11Y14,
A726000540005,7987002X11Y15,
A726000540006,7987002X11Y16,
A726000860001,7987026X11Y11,
A726000860005,7987026X12Y11,
A726000860002,7987026X11Y12,
A726000860006,7987026X12Y12,
A726000860003,7987026X11Y13,
A726000860007,7987026X12Y13,
A726000860004,7987026X11Y14,
A726000860008,7987026X12Y14,
A726000840001,7987029X11Y11,
A726000840002,7987029X11Y12,
A726000840003,7987029X11Y13,
A726000840004,7987029X11Y14,
A726000840005,7987029X11Y15,
A726000840006,7987029X11Y16,
A726000840007,7987029X11Y17,
A726000840008,7987029X11Y18,
A726001050001,7987031X11Y11,
A726001050002,7987031X11Y12,
A726001050003,7987031X11Y13,
A726001050004,7987031X11Y14,
A726001050005,7987031X11Y15,
A726001050006,7987031X11Y16,
A726001460001,7987040X11Y11,
A726001710001,7987061X11Y11,
A726001710002,7987061X11Y12,
A726001710003,7987061X11Y13,
A726000830001,7987062X11Y11,
A726000830009,7987062X12Y11,
A726000830017,7987062X14Y11,
A726000830002,7987062X11Y12,
A726000830010,7987062X12Y12,
A726000830018,7987062X14Y12,
A726000830003,7987062X11Y13,
A726000830011,7987062X12Y13,
A726000830004,7987062X11Y14,
A726000830012,7987062X12Y14,
A726000830005,7987062X11Y15,
A726000830013,7987062X12Y15,
A726000830006,7987062X11Y16,
A726000830014,7987062X12Y16,
A726000830007,7987062X11Y17,
A726000830015,7987062X12Y17,
A726000830019,7987062X14Y17,
A726000830008,7987062X11Y18,
A726000830016,7987062X12Y18,
A726001630001,7987071X11Y11,
A726001630002,7987071X11Y12,
A726001630003,7987071X11Y13,
A726001630004,7987071X11Y14,
A726001630005,7987071X11Y15,
A726001010001,7987073X11Y11,
A726001010009,7987073X12Y11,
A726001010002,7987073X11Y12,
A726001010010,7987073X12Y12,
A726001010003,7987073X11Y13,
A726001010011,7987073X12Y13,
A726001010004,7987073X11Y14,
A726001010012,7987073X12Y14,
A726001010005,7987073X11Y15,
A726001010013,7987073X12Y15,
A726001010006,7987073X11Y16,
A726001010014,7987073X12Y16,
A726001010007,7987073X11Y17,
A726001010015,7987073X12Y17,
A726001010008,7987073X11Y18,
A726001010016,7987073X12Y18,
A726001120001,7987074X11Y11,
A726001120007,7987074X12Y11,
A726001120002,7987074X11Y12,
A726001120008,7987074X12Y12,
A726001120003,7987074X11Y13,
A726001120009,7987074X12Y13,
A726001120004,7987074X11Y14,
A726001120010,7987074X12Y14,
A726001120005,7987074X11Y15,
A726001120011,7987074X12Y15,
A726001120006,7987074X11Y16,
A726001120012,7987074X12Y16,
A726001750001,7987076X11Y11,
A726001750002,7987076X11Y12,
A726001750003,7987076X11Y13,
A726001750004,7987076X11Y14,
A726001750005,7987076X11Y16,
A726001750006,7987076X11Y17,
A726001750007,7987076X11Y19,
A726001750008,7987076X11Y15,
A726001750009,7987076X11Y18,
A726000330001,7987084X11Y11,
A726000330002,7987084X11Y12,
A726000330003,7987084X11Y13,
A726000330004,7987084X11Y14,
A726000330005,7987084X11Y15,
A726000330006,7987084X11Y16,
A726000330007,7987084X11Y17,
A726000330008,7987084X11Y18,
A726000330009,7987084X11Y19,
A726000330010,7987084X12Y11,
A726000330011,7987084X12Y12,
A726000330012,7987084X12Y13,
A726000330013,7987084X12Y14,
A726000330014,7987084X12Y15,
A726000330015,7987084X12Y16,
A726000330016,7987084X12Y17,
A726000330017,7987084X12Y18,
A726000330018,7987084X12Y19,
A726001900001,7987087X11Y12,
A726001900002,7987087X11Y13,
A726001900003,7987087X11Y14,
A726001900004,7987087X11Y15,
A726001900005,7987087X11Y19,
A726001900006,7987087X11Y18,
A726001480001,7987299X11Y11,
A726001480002,7987299X11Y12,
A726001480003,7987299X11Y13,
A726001150001,7987313X11Y11,
A726001150002,7987313X11Y12,
A726000200001,7987317X11Y11,
A726000200002,7987317X12Y11,
A726001030001,7987318X11Y11,
A726000300001,7987327X11Y11,
A726000300002,7987327X11Y12,
A726000300003,7987327X11Y13,
A726000760001,7987330X11Y11,
A726000760002,7987330X11Y12,
A726001040001,7987345X22Y14,
A726001040002,7987345X22Y15,
A726001040003,7987345X23Y11,
A726001040004,7987345X23Y12,
A726001040005,7987345X23Y13,
A726000720001,7987380X11Y11,
A726001310001,7987397X11Y11,
A726001100001,7987398X11Y11,
A726001090001,7987399X11Y11,
A726000230001,ZOZO-7987400X11Y11,
A726000230002,ZOZO-7987400X11Y12,
A726000230003,ZOZO-7987400X11Y13,
A726000230004,ZOZO-7987400X11Y14,
A726000230005,ZOZO-7987400X11Y15,
A726000230006,ZOZO-7987400X11Y16,
A726000230007,ZOZO-7987400X11Y17,
A726000230008,ZOZO-7987400X11Y18,
A726000230009,ZOZO-7987400X11Y19,
A726000230010,ZOZO-7987400X11Y20,
A726000230011,ZOZO-7987400X11Y21,
A726000230012,ZOZO-7987400X11Y22,
A726000230013,ZOZO-7987400X11Y23,
A726000230014,ZOZO-7987400X11Y24,
A726000230015,ZOZO-7987400X11Y25,
A726000230016,ZOZO-7987400X11Y26,
A726000230017,ZOZO-7987400X11Y27,
A726000230018,ZOZO-7987400X11Y28,
A726000420009,7987408X11Y15,
A726000420010,7987408X11Y16,
A726000420011,7987408X11Y17,
A726001440001,7987455X11Y11,
A726001440002,7987455X11Y12,
A726000220001,7987469X11Y11,
A726000600001,7987482X11Y11,
A726000600002,7987482X11Y12,
A726000600003,7987482X11Y13,
A726000600004,7987482X11Y14,
A726000600005,7987482X11Y15,
A726000600006,7987482X11Y16,
A726000600007,7987482X11Y17,
A726000600008,7987482X11Y18,
A726000600009,7987482X11Y19,
A726000600010,7987482X11Y20,
A726000600011,7987482X11Y21,
A726000600012,7987482X11Y22,
A726000600013,7987482X11Y23,
A726000600014,7987482X11Y24,
A726000600015,7987482X11Y25,
A726000870001,7987494X11Y11,
A726000870002,7987494X11Y12,
A726000360001,7987515X11Y11,
A726000360007,7987515X12Y11,
A726000360013,7987515X13Y11,
A726000360019,7987515X14Y11,
A726000360002,7987515X11Y12,
A726000360008,7987515X12Y12,
A726000360014,7987515X13Y12,
A726000360020,7987515X14Y13,
A726000360003,7987515X11Y13,
A726000360009,7987515X12Y13,
A726000360015,7987515X13Y13,
A726000360021,7987515X14Y13,
A726000360004,7987515X11Y14,
A726000360010,7987515X12Y14,
A726000360016,7987515X13Y14,
A726000360022,7987515X14Y14,
A726000360005,7987515X11Y15,
A726000360011,7987515X12Y15,
A726000360017,7987515X13Y15,
A726000360023,7987515X14Y15,
A726000360006,7987515X11Y16,
A726000360012,7987515X12Y16,
A726000360018,7987515X13Y16,
A726000360024,7987515X14Y16,
A726001850001,7987519X11Y11,
A726001850002,7987519X11Y12,
A726001850003,7987519X11Y13,
A726001850004,7987519X11Y14,
A726000640001,7987597X11Y11,
A726000550001,7987642X11Y11,
A726000550002,7987642X11Y12,
A726000550003,7987642X11Y13,
A726000550004,7987642X11Y14,
A726000550005,7987642X11Y15,
A726000550006,7987642X11Y16,
A726000550007,7987642X11Y17,
A726000550008,7987642X11Y18,
A726000550009,7987642X11Y19,
A726000550010,7987642X11Y20,
A726001840001,7987674X11Y11,
A726000500001,7987697X11Y11,
A726001890001,7987714X11Y11,
A726000710001,7987743X11Y11,
A726000710002,7987743X11Y12,
A726000710003,7987743X11Y13,
A726000710004,7987743X11Y14,
A726000710005,7987743X11Y16,
A726001000001,7987757X11Y11,
A726001000002,7987757X11Y12,
A726001000003,7987757X11Y13,
A726001000004,7987757X11Y14,
A726001240001,7987782X11Y12,
A726001240002,7987782X11Y11,
A726001240003,7987782X11Y13,
A726000430001,7987794X11Y11,
A726000430008,7987794X12Y11,
A726000430002,7987794X11Y12,
A726000430009,7987794X12Y12,
A726000430003,7987794X11Y13,
A726000430010,7987794X12Y13,
A726000430004,7987794X11Y15,
A726000430011,7987794X12Y15,
A726000430005,7987794X11Y16,
A726000430012,7987794X12Y16,
A726000430006,7987794X11Y17,
A726000430013,7987794X12Y17,
A726000430007,7987794X11Y18,
A726000430014,7987794X12Y18,
A726000960001,7987796X11Y11,
A726000960002,7987796X11Y12,
A726000960003,7987796X11Y13,
A726000960004,7987796X11Y14,
A726000960005,7987796X11Y15,
A726000960006,7987796X11Y16,
A726000960007,7987796X11Y17,
A726000310001,7987829X11Y11,
A726001180001,7987883X11Y11,
A726001180002,7987883X11Y12,
A726001180003,7987883X11Y13,
A726001180004,7987883X11Y14,
A726001180005,7987883X11Y15,
A726001530001,7987891X11Y11,
A726001530002,7987891X11Y12,
A726001530003,7987891X11Y13,
A726001530004,7987891X11Y14,
A726001110001,7987952X11Y11,
A726001110002,7987952X11Y12,
A726001110003,7987952X11Y13,
A726001110004,7987952X11Y14,
A726001110005,7987952X11Y15,
A726001110006,7987952X11Y16,
A726001190001,7987977X11Y11,
A726000690001,7995525X1Y14,
A726000690005,7995525X1Y15,
A726000690002,7995525X1Y17,
A726000690006,7995525X1Y18,
A726000690003,7987988X11Y13,
A726000690007,7987988X12Y13,
A726000690004,7987988X11Y14,
A726000690008,7987988X12Y14,
A726001140001,9009978X16Y4,
A726001140002,9009978X16Y5,
A726000990001,7988047X11Y11,
A726000990002,7988047X11Y12,
A726000990003,7988047X11Y13,
A726000990004,7988047X11Y14,
A726000990005,7988047X11Y15,
A726000990006,7988047X11Y16,
A726000610001,7988247X11Y11,
A726001450001,7988248X11Y11,
A726001450002,7988248X11Y12,
A726001450003,7988248X11Y13,
A726001450004,7988248X11Y14,
A726001450005,7988248X11Y15,
A726001450006,7988248X11Y16,
A726001450007,7988248X11Y17,
A726001450008,7988248X11Y18,
A726000970001,7988386X11Y11,
A726000970002,7988386X11Y12,
A726000970003,7988386X11Y13,
A726000970004,7988386X11Y14,
A726000970005,7988386X11Y15,
A726000970006,7988386X11Y16,
A726000970007,7988386X11Y17,
A726001670001,7988394X11Y11,
A726001670002,7988394X11Y12,
A726000510001,7988640X11Y11,
A726000510002,7988640X11Y12,
A726000510003,7988640X11Y13,
A726000510004,7988640X11Y14,
A726000510005,7988640X11Y15,
A726000510006,7988640X11Y16,
A726000510007,7988640X11Y17,
A726000410001,7990254X11Y12,
A726000410002,7990254X11Y13,
A726000410003,7990254X11Y11,
A726001290001,7990512X11Y11,
A726001290002,7990512X11Y12,
A726000940001,7991009X11Y11,
A726000940002,7991009X11Y12,
A726000940003,7991009X11Y13,
A726000130001,7992054X11Y11,
A726000130002,7992054X11Y12,
A726000130003,7992054X11Y13,
A726000130004,7992054X11Y14,
A726000130005,7992054X11Y15,
A726000130006,7992054X11Y16,
A726000130007,7992054X11Y17,
A726000130008,7992054X11Y18,
A726000130009,7992054X11Y19,
A726000130010,7992054X11Y20,
A726000130011,7992054X11Y21,
A726000130012,7992054X11Y22,
A726000130013,7992054X11Y23,
A726000450001,7992540X11Y11,
A726000450002,7992540X11Y12,
A726000450003,7992540X11Y13,
A726000450004,7992540X11Y14,
A726000450005,7995525X1Y12,
A726000450006,7992540X11Y17,
A726000450007,7992540X11Y18,
A726000450008,7992540X11Y19,
A726000450009,7992540X11Y20,
A726000450010,7992540X11Y21,
A726001680001,7992776X11Y11,
A726001680002,7992776X11Y12,
A726001260001,7994226X11Y12,
A726001260004,7994226X12Y12,
A726001260002,7994226X11Y13,
A726001260005,7994226X12Y13,
A726001260003,7994226X12Y14,
A726001260006,7994226X11Y11,
A726000440001,7994812X11Y11,
A726000440021,7994812X12Y11,
A726000440002,7994812X11Y12,
A726000440022,7994812X12Y12,
A726000440003,7994812X11Y13,
A726000440023,7994812X12Y13,
A726000440004,7994812X11Y14,
A726000440024,7994812X12Y14,
A726000440005,7994812X11Y15,
A726000440025,7994812X12Y15,
A726000440006,7994812X11Y16,
A726000440026,7994812X12Y16,
A726000440007,7994812X11Y17,
A726000440027,7994812X12Y17,
A726000440008,7994812X11Y18,
A726000440028,7994812X12Y18,
A726000440009,7994812X11Y19,
A726000440029,7994812X12Y19,
A726000440010,7994812X11Y20,
A726000440030,7994812X12Y20,
A726000440011,7994812X11Y21,
A726000440031,7994812X12Y21,
A726000440012,7994812X11Y22,
A726000440032,7994812X12Y22,
A726000440013,7994812X11Y23,
A726000440033,7994812X12Y23,
A726000440014,7994812X11Y24,
A726000440034,7994812X12Y24,
A726000440015,7994812X11Y25,
A726000440035,7994812X12Y25,
A726000440016,7994812X11Y26,
A726000440036,7994812X12Y26,
A726000440017,7994812X11Y31,
A726000440037,7994812X12Y31,
A726000440018,7994812X11Y32,
A726000440038,7994812X12Y32,
A726000440019,7994812X11Y33,
A726000440039,7994812X12Y33,
A726000440020,7994812X11Y27,
A726000440040,7994812X12Y27,
A726000810001,7995525X1Y16,
A726000800001,7995525X1Y9,
A726000800002,7995525X1Y12,
A726000790001,7995525X1Y8,
A726000780001,7995525X1Y5,
A726000770001,7995525X1Y4,
A726000770002,7995525X1Y10,
A726000750001,7995525X1Y3,
A726000750002,7995525X1Y11,
A726000740001,7995525X1Y2,
A726000470005,7997141X15Y13,
A726000470004,7997141X14Y13,
A726000470003,7997141X13Y13,
A726000470002,7997141X12Y13,
A726000470001,7997141X11Y13,
A726000470010,7997141X15Y12,
A726000470009,7997141X14Y12,
A726000470008,7997141X13Y12,
A726000470007,7997141X12Y12,
A726000470006,7997141X11Y12,
A726000460005,7997141X15Y11,
A726000460004,7997141X14Y11,
A726000460003,7997141X13Y11,
A726000460002,7997141X12Y11,
A726000460001,7997141X11Y11,
A726000980001,8003020X1Y1,
A726000980002,8003020X2Y1,
A726000690009,7987988X11Y15,
A726000690010,7987988X12Y15,
A726000250001,ZOZO-7988215X11Y11,
A726000250002,ZOZO-7988215X11Y12,
A726000250003,ZOZO-7988215X11Y13,
A726000250004,ZOZO-7988215X11Y14,
A726000250005,ZOZO-7988215X11Y15,
A726000250006,ZOZO-7988215X12Y11,
A726000250007,ZOZO-7988215X12Y12,
A726000250008,ZOZO-7988215X12Y13,
A726000250009,ZOZO-7988215X12Y14,
A726000250010,ZOZO-7988215X13Y13,
A726000250011,ZOZO-7988215X13Y14,
A726000250012,ZOZO-7988215X13Y15,
A726000250013,ZOZO-7988215X14Y11,
A726000250014,ZOZO-7988215X14Y12,
A726000250015,ZOZO-7988215X14Y13,
A726000250016,ZOZO-7988215X17Y14,
A726000250017,ZOZO-7988215X17Y15,
A726000250018,ZOZO-7988215X18Y11,
A726000250019,ZOZO-7988215X18Y12,
A726000250020,ZOZO-7988215X18Y13,
A726000250021,ZOZO-7988215X18Y14,
A726001690001,7986482X11Y11,
A726001690002,7986482X11Y12,
A726001690003,7986482X11Y13,
A726002030001,7986565X11Y11,
A726002020001,7992099X11Y20,
A726002020002,7992099X11Y11,
A726002020003,7992099X11Y12,
A726002020004,7992099X11Y13,
A726002020005,7992099X11Y14,
A726002020006,7992099X11Y15,
A726002020007,7992099X11Y16,
A726002020008,7992099X11Y17,
A726002020009,7992099X11Y18,
A726002020010,7992099X11Y19,
A726002010001,7986566X11Y11,
A726002000001,7986557X11Y11,
A726002000002,7986557X11Y12,
A726001990001,7986688X11Y11,
A726001990002,7986688X12Y11,
A726001990003,7986688X13Y11,
A726001990004,7986688X14Y11,
A726001990005,7986688X15Y11,
A726001990006,7986688X11Y12,
A726001990007,7986688X12Y12,
A726001990008,7986688X13Y12,
A726001990009,7986688X14Y12,
A726001990010,7986688X15Y12,
A726001990011,7986688X11Y13,
A726001990012,7986688X12Y13,
A726001990013,7986688X13Y13,
A726001990014,7986688X14Y13,
A726001990015,7986688X15Y13,
A726001980001,7987401X11Y11,
A726001980002,7987401X11Y12,
A726001980003,7987401X11Y14,
A726001980004,7987401X11Y13,
A726001970001,7986525X11Y11,
A726001970002,7986525X11Y12,
A726001960001,7987003X11Y11,
A726001960002,7987003X11Y12,
A726001960003,7987003X11Y13,
A726001960004,7987003X11Y14,
A726001960005,7987003X11Y15,
A726001960006,7987003X11Y16,
A726001960007,7987003X11Y17,
A726001950001,7986618X11Y11,
A726002070001,7986471X11Y11,7986471-BR
A726002070002,7986471X11Y12,7986471-BK
A726002070003,7986471X11Y13,7986471-PK
A726002070004,7986471X11Y14,7986471-IV
A726002060001,7986604X11Y11,
A726002060002,7986604X11Y12,
A726002060003,7986604X11Y13,
A726002060004,7986604X11Y14,
A726002050001,7986473X11Y11,7986473-BK
A726002050002,7986473X11Y12,7986473-IV
A726002050003,7986473X11Y13,7986473-SX
A726002050004,7986473X11Y14,7986473-MT
A726002050005,7986473X11Y15,7986473-SP
A726002050006,7986473X11Y16,7986473-LV
A726002040001,7988125X11Y11,
A726002040002,7988125X11Y12,
A726002040003,7988125X11Y13,
A726002040004,7988125X11Y14,
A726002100001,7987551X11Y11,7987551-BK
A726002100002,7987551X11Y12,7987551-BE
A726002100003,7987551X11Y13,7987551-OL
A726002100004,7987551X11Y14,7987551-GY
A726002100005,7987551X11Y15,7987551-NV
A726002100006,7987551X11Y16,7987551-WH
A726002100007,7987551X11Y17,7987551-CH
A726002090001,7986466X11Y11,7986466-BK
A726002090002,7986466X11Y12,7986466-NV
A726002090003,7986466X11Y13,7986466-DGY
A726002090004,7986466X11Y14,7986466-IV
A726002090005,7986466X11Y15,7986466-LGY
A726002080001,7986470X11Y11,7986470-BK
A726002080002,7986470X11Y12,7986470-SAX
A726002080003,7986470X11Y13,7986470-PK
A726002080004,7986470X11Y14,7986470-WI
A726002130001,7986465X11Y11,7986465-CH
A726002130002,7986465X11Y12,7986465-BK
A726002130003,7986465X11Y13,7986465-KH
A726002130004,7986465X11Y14,7986465-NV
A726002130005,7986465X11Y15,7986465-BR
A726002120001,7994367X11Y11,7994367-BK
A726002120002,7994367X11Y12,7994367-OL
A726002120003,7994367X11Y13,7994367-BR
A726002120004,7994367X11Y14,7994367-BL
A726002120005,7994367X11Y15,7994367-KH
A726002110001,7986462X11Y11,7986462-BKBK
A726002110002,7986462X11Y12,7986462-NV
A726002110003,7986462X11Y13,7986462-CH
A726002110004,7986462X11Y14,7986462-IV
A726002110005,7986462X11Y15,7986462-BKWH
A726002200001,7987892X11Y22,
A726002200006,7987892X12Y22,
A726002200002,7987892X11Y23,
A726002200007,7987892X12Y23,
A726002200003,7987892X11Y24,
A726002200008,7987892X12Y24,
A726002200004,7987892X11Y25,
A726002200009,7987892X12Y25,
A726002200005,7987892X11Y26,
A726002200010,7987892X12Y26,
A726002190001,7987892X11Y18,
A726002190005,7987892X12Y18,
A726002190002,7987892X11Y19,
A726002190006,7987892X12Y19,
A726002190003,7987892X11Y20,
A726002190007,7987892X12Y20,
A726002190004,7987892X11Y21,
A726002190008,7987892X12Y21,
A726002180001,7987892X11Y11,
A726002180008,7987892X12Y11,
A726002180002,7987892X11Y12,
A726002180009,7987892X12Y12,
A726002180003,7987892X11Y13,
A726002180010,7987892X12Y13,
A726002180004,7987892X11Y14,
A726002180011,7987892X12Y14,
A726002180005,7987892X11Y15,
A726002180012,7987892X12Y15,
A726002180006,7987892X11Y16,
A726002180013,7987892X12Y16,
A726002180007,7987892X11Y17,
A726002180014,7987892X12Y17,
A726002170001,7986459X11Y11,
A726002170002,7986459X11Y12,
A726002170003,7986459X11Y13,
A726002170004,7986459X11Y14,
A726002160001,7986464X11Y11,
A726002150001,7986608X11Y12,
A726002150002,7986608X11Y11,
A726002150003,7986608X11Y13,
A726001260007,7994226X11Y14,
